use [SEKOLAH];

INSERT INTO SEKOLAH.dbo.ORTU (Nik,Nama,NoTelp) VALUES
	 (N'3300483443129920',N'Agung Setiawan Rachman',N'6287774548414'),
	 (N'3301267166242440',N'Susila Johan Darmali',N'6281204145434'),
	 (N'3301854222713830',N'Darma Djaja Atmadjaja',N'6281254149414'),
	 (N'3303168486211500',N'Dian Sonny Halim',N'6287734144434'),
	 (N'3303976791750970',N'Raja Wibawa Kartawijaya',N'6285314047484'),
	 (N'3305047545050660',N'Setiawan Yandi Pranata',N'6285384747404'),
	 (N'3309542387405480',N'Sonny Ivan Kurniawan',N'6289774343454'),
	 (N'3310169575991100',N'Buana Dwi Gunawan',N'6287714942454'),
	 (N'3311937122629060',N'Tirto Sugiarto Setiawan',N'6285744147424'),
	 (N'3312498178030100',N'Hadi Dian Lie',N'6285744945464');
INSERT INTO SEKOLAH.dbo.ORTU (Nik,Nama,NoTelp) VALUES
	 (N'3315116448689080',N'Harta Kuwat Tedja',N'6287734742474'),
	 (N'3321872835587910',N'Harta Bambang Santoso',N'6285364649424'),
	 (N'3322394863627910',N'Eka Iskandar Gunardi',N'6285304841474'),
	 (N'3323327829306850',N'Putra Sugiarto Wibowo',N'6289734840474'),
	 (N'3326367350161410',N'Bambang Budi Wibowo',N'6289724640434'),
	 (N'3327311505556210',N'Harta Herman Hermanto',N'6285324940444'),
	 (N'3333382983837480',N'Hadian Sudirman Sasmita',N'6287714645474'),
	 (N'3334560414759890',N'Sudirman Slamet Sugiarto',N'6281234843474'),
	 (N'3337646823170630',N'Yohanes Setiawan Sanjaya',N'6287774141484'),
	 (N'3337890045527750',N'Bambang Sudirman Jayadi',N'6287764341424');
INSERT INTO SEKOLAH.dbo.ORTU (Nik,Nama,NoTelp) VALUES
	 (N'3339356849039430',N'Yandi Iwan Rachman',N'6285354143404'),
	 (N'3342150042097340',N'Yuda Dwi Lesmana',N'6281204943424'),
	 (N'3345199244640220',N'Doddy Tri Dharmawijaya',N'6287714944474'),
	 (N'3350175818560760',N'Suparman Harta Dharmawijaya',N'6285324643454'),
	 (N'3350493935934750',N'Harta Suryadi Muljana',N'6285384546424'),
	 (N'3352736411223150',N'Iskandar Tri Chandra',N'6289784641494'),
	 (N'3353755312426660',N'Herman Wibawa Setiawan',N'6289714144414'),
	 (N'3354376504459980',N'Susilo Wibawa Pranoto',N'6285784440444'),
	 (N'3355175446077530',N'Cahya Susanto Tedja',N'6285374943414'),
	 (N'3356698509680710',N'Hengki Cahaya Sumadi',N'6285314743404');
INSERT INTO SEKOLAH.dbo.ORTU (Nik,Nama,NoTelp) VALUES
	 (N'3357366291969810',N'Ari Iskandar Santoso',N'6285754144474'),
	 (N'3357502588002590',N'Suharto Wibawa Indrajaya',N'6287734440434'),
	 (N'3358855077184980',N'Deddy Indra Hartanto',N'6281224043404'),
	 (N'3366155158279800',N'Hadi Harta Tedjo',N'6281244348434'),
	 (N'3366708648809400',N'Susilo Eka Setiabudi',N'6287784547464'),
	 (N'3370093250814170',N'Eko Setiawan Darmali',N'6287734646484'),
	 (N'3371431261788890',N'Suryadi Iwan Darmadi',N'6285324644424'),
	 (N'3372223490705380',N'Hartono Slamet Hadiman',N'6287734044484'),
	 (N'3372902755469200',N'Surya Yohanes Sudjarwadi',N'6287724646414'),
	 (N'3373710348717840',N'Benny Buana Widjaja',N'6285784944494');
INSERT INTO SEKOLAH.dbo.ORTU (Nik,Nama,NoTelp) VALUES
	 (N'3376281658987110',N'Bambang Suryadi Sugiarto',N'6287734142414'),
	 (N'3380043946884540',N'Budi Hartono Tan',N'6285774443434'),
	 (N'3380056772819530',N'Darma Adi Tedja',N'6285394341444'),
	 (N'3387245011432740',N'Setiawan Kusuma Sugiarto',N'6289704941474'),
	 (N'3391773594789590',N'Susila Sudomo Kurniawan',N'6287734045414');
	 
INSERT INTO SEKOLAH.dbo.SISWA (Nis,Nisn,Nama,Kota,Kecamatan,Kelurahan,Jalan,TempatLahir,JenisKelamin,TanggalLahir,TanggalMasuk,NikOrtu) VALUES
	 (N'0001',N'4313287581',N'Kasih Mega Sasmita',N'Surakarta',N'Banjarsari',N'Jebres',N'Jl. Arif Rahman Hakim 81',N'Surakarta',0,'2006-10-27','2019-08-12',N'3358855077184980'),
	 (N'0002',N'4313243448',N'Guntur Adi Atmadja',N'Surakarta',N'Banjarsari',N'Jebres',N'Jl. Irian 17-31',N'Sukoharjo',1,'2006-05-27','2019-08-12',N'3352736411223150'),
	 (N'0003',N'4313226940',N'Suryadi Bambang Sasmita',N'Surakarta',N'Banjarsari',N'Gilingan',N'Jl. DI Panjaitan 11-15',N'Jakarta',1,'2006-01-30','2019-08-12',N'3357366291969810'),
	 (N'0004',N'4313237477',N'Ade Guntur Sasmita',N'Surakarta',N'Banjarsari',N'Ketelan',N'Jl. R. M. Said 82-78',N'Sukoharjo',1,'2006-08-07','2019-08-12',N'3311937122629060'),
	 (N'0005',N'4313299357',N'Susilo Sukarno Iskandar',N'Surakarta',N'Banjarsari',N'Ketelan',N'Jl. Gajahmada 82',N'Surakarta',1,'2006-01-27','2019-08-12',N'3327311505556210'),
	 (N'0006',N'4313230927',N'Ari Setiawan Tahyadi',N'Surakarta',N'Banjarsari',N'Punggawan',N'Jl. Bungur I No.21',N'Sukoharjo',1,'2006-11-05','2019-08-12',N'3312498178030100'),
	 (N'0007',N'4313209455',N'Bethari Susanti Yuwono',N'Surakarta',N'Banjarsari',N'Punggawan',N'Jl. Yosodipuro',N'Karanganyar',0,'2006-03-09','2019-08-12',N'3337890045527750'),
	 (N'0008',N'4313252488',N'Yuliana Leony Setiabudi',N'Surakarta',N'Banjarsari',N'Timuran',N'Jl. Gajahmada,',N'Klaten',0,'2006-05-07','2019-08-12',N'3366708648809400'),
	 (N'0009',N'4313253516',N'Citra Intan Halim',N'Surakarta',N'Banjarsari',N'Timuran',N'Jl. Soka VI No.1',N'Boyolali',0,'2006-12-01','2019-08-12',N'3339356849039430'),
	 (N'0010',N'4313205909',N'Ivan Yuda Darmali',N'Surakarta',N'Laweyan',N'Panularan',N'Gg. Rajamanggala 1',N'Semarang',1,'2007-02-19','2020-08-15',N'3354376504459980');
INSERT INTO SEKOLAH.dbo.SISWA (Nis,Nisn,Nama,Kota,Kecamatan,Kelurahan,Jalan,TempatLahir,JenisKelamin,TanggalLahir,TanggalMasuk,NikOrtu) VALUES
	 (N'0011',N'4313221732',N'Richard Islami',N'Surakarta',N'Laweyan',N'Tipes',N'Jl. Moh. Yamin 166-158',N'Surakarta',0,'2007-02-17','2020-08-15',N'3387245011432740'),
	 (N'0012',N'4313217554',N'Putri Gayatri',N'Surakarta',N'Laweyan',N'Tipes',N'Jl. Wijaya Kusuma',N'Sukoharjo',1,'2007-03-25','2020-08-15',N'3356698509680710'),
	 (N'0013',N'4313213377',N'Lintang Cahya',N'Surakarta',N'Serengan',N'Tipes',N'Jl. Bhayangkara',N'Yogyakarta',0,'2007-01-23','2020-08-15',N'3322394863627910'),
	 (N'0014',N'4313209199',N'Aldi Indra',N'Surakarta',N'Laweyan',N'Panularan',N'Jl. Tejomoyo Selatan 8',N'Sukoharjo',0,'2007-09-24','2020-08-15',N'3355175446077530'),
	 (N'0015',N'4313205021',N'Azmi Bayhacki',N'Surakarta',N'Laweyan',N'Penumping',N'Jl. Dr. Rajiman No.347',N'Surakarta',0,'2007-11-18','2020-08-15',N'3333382983837480'),
	 (N'0016',N'4313200843',N'Cinta Wardani',N'Surakarta',N'Laweyan',N'Penumping',N'Jl. Sutowijoyo 1',N'Sukoharjo',1,'2007-10-14','2020-08-15',N'3315116448689080'),
	 (N'0017',N'4313196666',N'Mochammad Qodriyah',N'Surakarta',N'Laweyan',N'Bumi',N'Jl. Batik Keris',N'Salatiga',0,'2007-08-16','2020-08-15',N'3353755312426660'),
	 (N'0018',N'4313192488',N'Syarief Farishy',N'Surakarta',N'Laweyan',N'Bumi',N'Jl. Dr. Rajiman No.461',N'Klaten',0,'2007-08-27','2020-08-15',N'3391773594789590'),
	 (N'0019',N'4313188310',N'Givan Daniel Raisid',N'Surakarta',N'Laweyan',N'Bumi',N'Jl. Dr. Rajiman No.432E',N'Boyolali',0,'2007-09-14','2020-08-15',N'3303168486211500'),
	 (N'0020',N'4313184132',N'Dikposa Agtrivia',N'Surakarta',N'Laweyan',N'Sriwedari',N'Jl. Dr. Cipto Mangunkusumo No.18',N'Semarang',1,'2007-11-01','2020-08-15',N'3305047545050660');
INSERT INTO SEKOLAH.dbo.SISWA (Nis,Nisn,Nama,Kota,Kecamatan,Kelurahan,Jalan,TempatLahir,JenisKelamin,TanggalLahir,TanggalMasuk,NikOrtu) VALUES
	 (N'0021',N'4313179955',N'Mubarak Alrendy Noviana',N'Surakarta',N'Laweyan',N'Penumping',N'Jl. Kalitan No.12',N'Surakarta',0,'2007-04-14','2020-08-15',N'3372223490705380'),
	 (N'0022',N'4313175777',N'Deristya Zulfianna',N'Surakarta',N'Laweyan',N'Sriwedari',N'Jl. Dr. Sutomo',N'Sukoharjo',1,'2008-10-03','2021-08-17',N'3357502588002590'),
	 (N'0023',N'4313171599',N'Eka Bony Marwah',N'Surakarta',N'Laweyan',N'Penumping',N'Gg. I Kalitan',N'Kulon Progo',0,'2008-03-01','2021-08-17',N'3323327829306850'),
	 (N'0024',N'4313167422',N'Sumandi Izhar',N'Surakarta',N'Jebres',N'Jebres',N'Jl. Guruh',N'Sukoharjo',0,'2008-08-23','2021-08-17',N'3345199244640220'),
	 (N'0025',N'4313163244',N'Irlan Pemana',N'Surakarta',N'Jebres',N'Jebres',N'Jl. Petir No.23',N'Surakarta',0,'2008-07-06','2021-08-17',N'3370093250814170'),
	 (N'0026',N'4313159066',N'Juno Satria',N'Surakarta',N'Jebres',N'Jebres',N'Gg. Guruh I No.30-6',N'Sukoharjo',0,'2008-11-24','2021-08-17',N'3321872835587910'),
	 (N'0027',N'4313154888',N'Christiana Keviati',N'Surakarta',N'Jebres',N'Jebres',N'Jl. Gg. Guntur ll No.30',N'Salatiga',1,'2008-04-13','2021-08-17',N'3366155158279800'),
	 (N'0028',N'4313150711',N'Adam Machmud',N'Surakarta',N'Jebres',N'Kentingan',N'Jln.halilintar no.99',N'Klaten',0,'2008-03-24','2021-08-17',N'3376281658987110'),
	 (N'0029',N'4313146533',N'Allen Nistiyana',N'Surakarta',N'Jebres',N'Jebres',N'Gg. Gelatik',N'Surakarta',1,'2007-12-17','2021-08-17',N'3337646823170630'),
	 (N'0030',N'4313142355',N'Hesti Nathania',N'Surakarta',N'Jebres',N'Jebres',N'Jl. Ki Hajar Dewantara No.78',N'Surakarta',1,'2008-05-02','2021-08-17',N'3309542387405480');
INSERT INTO SEKOLAH.dbo.SISWA (Nis,Nisn,Nama,Kota,Kecamatan,Kelurahan,Jalan,TempatLahir,JenisKelamin,TanggalLahir,TanggalMasuk,NikOrtu) VALUES
	 (N'0031',N'4313138177',N'Reksa Dee Candraditya',N'Surakarta',N'Jebres',N'Jebres',N'Jl. Kabut',N'Surakarta',0,'2008-04-20','2021-08-17',N'3350175818560760'),
	 (N'0032',N'4313134000',N'Andi Fauzi Prasetyo',N'Surakarta',N'Jebres',N'Jebres',N'Gg tegalkuniran No.35',N'Sukoharjo',0,'2008-04-25','2021-08-17',N'3342150042097340'),
	 (N'0033',N'4313129822',N'Risqy Amalia',N'Surakarta',N'Jebres',N'Pucangsawit',N'Jl. Cokroaminoto',N'Gunung Kidul',1,'2008-09-24','2021-08-17',N'3371431261788890'),
	 (N'0034',N'4313125644',N'Ramanta Daniela',N'Surakarta',N'Jebres',N'Jagalan',N'Jl. Kali Merbau',N'Sukoharjo',1,'2009-05-31','2022-08-06',N'3326367350161410'),
	 (N'0035',N'4313121466',N'Sebastian Zain',N'Surakarta',N'Jebres',N'Pucangsawit',N'Jl. Porong No.13',N'Surakarta',0,'2009-03-11','2022-08-06',N'3300483443129920'),
	 (N'0036',N'4313117289',N'Maruto Ibidemu',N'Surakarta',N'Jebres',N'Jagalan',N'Jl. Kali Kuantan 1',N'Sukoharjo',0,'2009-07-16','2022-08-06',N'3334560414759890'),
	 (N'0037',N'4313113111',N'Hari Larassati',N'Surakarta',N'Jebres',N'Jagalan',N'Jl. Kali Kuantan 1 No.8',N'Surakarta',1,'2009-07-16','2022-08-06',N'3303976791750970'),
	 (N'0038',N'4313108933',N'Ressy Miftah',N'Surakarta',N'Jebres',N'Jagalan',N'Jl. Kali kampar III',N'Klaten',1,'2009-07-05','2022-08-06',N'3310169575991100'),
	 (N'0039',N'4313104755',N'Rinaldy Hilmiansyah',N'Surakarta',N'Jebres',N'Jagalan',N'Jl. Kali Sindang No.15',N'Surakarta',0,'2009-09-25','2022-08-06',N'3372902755469200'),
	 (N'0040',N'4313100578',N'Bony Pramanda',N'Surakarta',N'Jebres',N'Jagalan',N'Jl. Juanda No.139a',N'Semarang',0,'2009-03-28','2022-08-06',N'3373710348717840');
INSERT INTO SEKOLAH.dbo.SISWA (Nis,Nisn,Nama,Kota,Kecamatan,Kelurahan,Jalan,TempatLahir,JenisKelamin,TanggalLahir,TanggalMasuk,NikOrtu) VALUES
	 (N'0041',N'4313096400',N'Bryan Josh',N'Surakarta',N'Jebres',N'Gandekan',N'Jl. Cut Nya Dien No.21',N'Surakarta',0,'2009-09-25','2022-08-06',N'3380056772819530'),
	 (N'0042',N'4313092222',N'Riska Febriani',N'Surakarta',N'Jebres',N'Gandekan',N'Jl. RE Martadinata No.181',N'Sukoharjo',1,'2009-01-18','2022-08-06',N'3301267166242440'),
	 (N'0043',N'4313088044',N'Siti Geryance',N'Surakarta',N'Jebres',N'Gandekan',N'Jl. Kp. Nongsongan No.658',N'Lampung',0,'2009-05-28','2022-08-06',N'3380043946884540'),
	 (N'0044',N'4313083867',N'Febri Sastrawani',N'Surakarta',N'Pasar Kliwon',N'Kampung Baru',N'Jl. Ronggowarsito',N'Sukoharjo',1,'2009-08-09','2022-08-06',N'3350493935934750'),
	 (N'0045',N'4313079689',N'Amanda Manurung',N'Surakarta',N'Pasar Kliwon',N'Jebres',N'Jl. Jend. Urip Sumoharjo 104-117',N'Surakarta',1,'2009-08-17','2022-08-06',N'3301854222713830');

INSERT INTO SEKOLAH.dbo.SISWA_KELUAR (Nis, TanggalKeluar) VALUES (N'0014', '2021-06-17'), (N'0027', '2022-06-06');

INSERT INTO SEKOLAH.dbo.SISWA_LULUS (Nis, TanggalLulus) VALUES 
(N'0001', '2022-06-13'),
(N'0002', '2022-06-13'),
(N'0003', '2022-06-13'),
(N'0004', '2022-06-13'),
(N'0005', '2022-06-13'),
(N'0006', '2022-06-13'),
(N'0007', '2022-06-13'),
(N'0008', '2022-06-13'),
(N'0009', '2022-06-13');

INSERT INTO SEKOLAH.dbo.GURU (KdGuru,NamaGuru,JenisKelamin) VALUES
	 (N'G0001',N'Bima Ari Hadiman',0),
	 (N'G0002',N'Setiawan Iman Hermawan',0),
	 (N'G0003',N'Ursula Borrington',0),
	 (N'G0004',N'Yanti Inge Atmadja',1),
	 (N'G0005',N'Iman Hendri Halim',0),
	 (N'G0006',N'Bambang Sudirman Jayadi',0),
	 (N'G0007',N'Sari Siska Oesman',1),
	 (N'G0008',N'Sari Verawati Hartono',1),
	 (N'G0009',N'Liana Dian Lesmono',1),
	 (N'G0010',N'Lestari Iman Jayadi',1);
INSERT INTO SEKOLAH.dbo.GURU (KdGuru,NamaGuru,JenisKelamin) VALUES
	 (N'G0011',N'Ambur Baudouin',0),
	 (N'G0012',N'Buana Doddy Gunawan',0),
	 (N'G0013',N'Tri Leony Santoso',1),
	 (N'G0014',N'Mawar Ratna Sudjarwadi',1),
	 (N'G0015',N'Sonny Setiawan Cahyadi',0),
	 (N'G0016',N'Inge Nirmala Budiaman',1),
	 (N'G0017',N'Mega Cahaya Kartawijaya',1),
	 (N'G0018',N'Cinta Inge Tedja',1),
	 (N'G0019',N'Indah Kasih Gunardi',1),
	 (N'G0020',N'Dwi Intan Hermawan',1);

INSERT INTO SEKOLAH.dbo.MAPEL (NamaMapel) VALUES
	 (N'Bahasa Indonesia'),
	 (N'Bahasa Inggris'),
	 (N'Informatika'),
	 (N'IPA'),
	 (N'IPS'),
	 (N'Matematika'),
	 (N'Pendidikan Agama'),
	 (N'Pendidikan Pancasila dan Kewarganegaraan'),
	 (N'PJOK'),
	 (N'Seni dan Prakarya');

INSERT INTO SEKOLAH.dbo.KELAS (KdKelas,NamaKelas,TahunAjaran,Grade,KdGuru) VALUES
	 (N'2019-7-A',N'A',2019,7,N'G0008'),
	 (N'2019-7-B',N'B',2019,7,N'G0009'),
	 (N'2019-8-A',N'A',2019,8,N'G0010'),
	 (N'2019-8-B',N'B',2019,8,N'G0011'),
	 (N'2019-9-A',N'A',2019,9,N'G0012'),
	 (N'2019-9-B',N'B',2019,9,N'G0013'),
	 (N'2020-7-A',N'A',2020,7,N'G0019'),
	 (N'2020-7-B',N'B',2020,7,N'G0020'),
	 (N'2020-7-C',N'C',2020,7,N'G0001'),
	 (N'2020-8-A',N'A',2020,8,N'G0002');
INSERT INTO SEKOLAH.dbo.KELAS (KdKelas,NamaKelas,TahunAjaran,Grade,KdGuru) VALUES
	 (N'2020-8-B',N'B',2020,8,N'G0003'),
	 (N'2020-8-C',N'C',2020,8,N'G0004'),
	 (N'2020-9-A',N'A',2020,9,N'G0005'),
	 (N'2020-9-B',N'B',2020,9,N'G0006'),
	 (N'2020-9-C',N'C',2020,9,N'G0007'),
	 (N'2021-7-A',N'A',2021,7,N'G0010'),
	 (N'2021-7-B',N'B',2021,7,N'G0011'),
	 (N'2021-7-C',N'C',2021,7,N'G0012'),
	 (N'2021-8-A',N'A',2021,8,N'G0013'),
	 (N'2021-8-B',N'B',2021,8,N'G0014');
INSERT INTO SEKOLAH.dbo.KELAS (KdKelas,NamaKelas,TahunAjaran,Grade,KdGuru) VALUES
	 (N'2021-8-C',N'C',2021,8,N'G0015'),
	 (N'2021-9-A',N'A',2021,9,N'G0016'),
	 (N'2021-9-B',N'B',2021,9,N'G0017'),
	 (N'2021-9-C',N'C',2021,9,N'G0018'),
	 (N'2022-7-A',N'A',2022,7,N'G0001'),
	 (N'2022-7-B',N'B',2022,7,N'G0002'),
	 (N'2022-7-C',N'C',2022,7,N'G0003'),
	 (N'2022-8-A',N'A',2022,8,N'G0004'),
	 (N'2022-8-B',N'B',2022,8,N'G0005'),
	 (N'2022-8-C',N'C',2022,8,N'G0006');
INSERT INTO SEKOLAH.dbo.KELAS (KdKelas,NamaKelas,TahunAjaran,Grade,KdGuru) VALUES
	 (N'2022-9-A',N'A',2022,9,N'G0007'),
	 (N'2022-9-B',N'B',2022,9,N'G0008'),
	 (N'2022-9-C',N'C',2022,9,N'G0009');

INSERT INTO SEKOLAH.dbo.SEMESTER (SemesterKe) VALUES (1), (2);

INSERT INTO SEKOLAH.dbo.ORGANISASI (KdOrganisasi,Nama,ThKepengurusan,KdGuru) VALUES
	 (N'2021-Basket',N'Basket',2021,N'G0005'),
	 (N'2021-Batminton',N'Batminton',2021,N'G0001'),
	 (N'2021-Futsal',N'Futsal',2021,N'G0010'),
	 (N'2021-Karawitan',N'Karawitan',2021,N'G0008'),
	 (N'2021-KIR',N'KIR',2021,N'G0007'),
	 (N'2021-MPK',N'MPK',2021,N'G0002'),
	 (N'2021-OSIS',N'OSIS',2021,N'G0001'),
	 (N'2021-Paskibra',N'Paskibra',2021,N'G0004'),
	 (N'2021-PMR',N'PMR',2021,N'G0006'),
	 (N'2021-Pramuka',N'Pramuka',2021,N'G0003');
INSERT INTO SEKOLAH.dbo.ORGANISASI (KdOrganisasi,Nama,ThKepengurusan,KdGuru) VALUES
	 (N'2021-Silat',N'Silat',2021,N'G0009'),
	 (N'2022-Basket',N'Basket',2022,N'G0005'),
	 (N'2022-Batminton',N'Batminton',2022,N'G0001'),
	 (N'2022-Futsal',N'Futsal',2022,N'G0010'),
	 (N'2022-Karawitan',N'Karawitan',2022,N'G0008'),
	 (N'2022-KIR',N'KIR',2022,N'G0007'),
	 (N'2022-MPK',N'MPK',2022,N'G0002'),
	 (N'2022-OSIS',N'OSIS',2022,N'G0001'),
	 (N'2022-Paskibra',N'Paskibra',2022,N'G0004'),
	 (N'2022-PMR',N'PMR',2022,N'G0006');
INSERT INTO SEKOLAH.dbo.ORGANISASI (KdOrganisasi,Nama,ThKepengurusan,KdGuru) VALUES
	 (N'2022-Pramuka',N'Pramuka',2022,N'G0003'),
	 (N'2022-Silat',N'Silat',2022,N'G0009');

INSERT INTO SEKOLAH.dbo.PERLOMBAAN (KdLomba,Nama,Tahun,Penyelenggara,Jenjang,KdGuru) VALUES
	 (N'LK001',N'Gala Siswa Indonesia',2021,N'Purpesnas',N'Kota',N'G0003'),
	 (N'LN001',N'Olimpiade Sains Nasional',2021,N'Purpesnas',N'Nasional',N'G0012'),
	 (N'LN002',N'Olimpiade Olahraga SIswa Nasional',2021,N'Purpesnas',N'Nasional',N'G0018'),
	 (N'LN003',N'Festival dan Lomba Seni Siswa Nasional',2021,N'Purpesnas',N'Nasional',N'G0020'),
	 (N'LN004',N'Olimpiade Penelitian Siswa Indonesia',2021,N'Purpesnas',N'Nasional',N'G0008'),
	 (N'LN005',N'Gala Siswa Indonesia',2020,N'Purpesnas',N'Nasional',N'G0002'),
	 (N'LP001',N'Olimpiade Sains Nasional',2020,N'Purpesnas',N'Provinsi',N'G0011'),
	 (N'LP002',N'Olimpiade Olahraga SIswa Nasional',2020,N'Purpesnas',N'Provinsi',N'G0017'),
	 (N'LP003',N'Festival dan Lomba Seni Siswa Nasional',2020,N'Purpesnas',N'Provinsi',N'G0019'),
	 (N'LP004',N'Olimpiade Penelitian Siswa Indonesia',2020,N'Purpesnas',N'Provinsi',N'G0007');
INSERT INTO SEKOLAH.dbo.PERLOMBAAN (KdLomba,Nama,Tahun,Penyelenggara,Jenjang,KdGuru) VALUES
	 (N'LP005',N'Gala Siswa Indonesia',2021,N'Purpesnas',N'Provinsi',N'G0001');

	INSERT INTO SEKOLAH.dbo.MENGIKUTI_ORGANISASI (NisSiswa,KdOrganisasi,Jabatan) VALUES
	 (N'0010',N'2021-OSIS',N'Ketua'),
	 (N'0011',N'2021-MPK',N'Ketua'),
	 (N'0012',N'2021-Pramuka',N'Ketua'),
	 (N'0013',N'2021-Paskibra',N'Ketua'),
	 (N'0014',N'2021-Basket',N'Ketua'),
	 (N'0015',N'2021-PMR',N'Ketua'),
	 (N'0016',N'2021-KIR',N'Ketua'),
	 (N'0017',N'2021-Karawitan',N'Ketua'),
	 (N'0018',N'2021-Silat',N'Ketua'),
	 (N'0019',N'2021-OSIS',N'Sekretaris');
INSERT INTO SEKOLAH.dbo.MENGIKUTI_ORGANISASI (NisSiswa,KdOrganisasi,Jabatan) VALUES
	 (N'0020',N'2021-MPK',N'Sekretaris'),
	 (N'0021',N'2021-Pramuka',N'Sekretaris'),
	 (N'0022',N'2021-Paskibra',N'Sekretaris'),
	 (N'0023',N'2021-Basket',N'Sekretaris'),
	 (N'0024',N'2021-PMR',N'Sekretaris'),
	 (N'0025',N'2021-KIR',N'Sekretaris'),
	 (N'0026',N'2021-Karawitan',N'Sekretaris'),
	 (N'0027',N'2022-Silat',N'Sekretaris'),
	 (N'0028',N'2022-OSIS',N'Anggota'),
	 (N'0029',N'2022-MPK',N'Anggota');
INSERT INTO SEKOLAH.dbo.MENGIKUTI_ORGANISASI (NisSiswa,KdOrganisasi,Jabatan) VALUES
	 (N'0030',N'2022-Pramuka',N'Anggota'),
	 (N'0031',N'2022-Paskibra',N'Anggota'),
	 (N'0032',N'2022-Basket',N'Anggota'),
	 (N'0033',N'2022-PMR',N'Anggota'),
	 (N'0034',N'2022-KIR',N'Anggota'),
	 (N'0035',N'2022-Karawitan',N'Anggota'),
	 (N'0036',N'2022-Silat',N'Anggota'),
	 (N'0037',N'2022-OSIS',N'Anggota'),
	 (N'0038',N'2022-MPK',N'Anggota'),
	 (N'0039',N'2022-Pramuka',N'Anggota');
INSERT INTO SEKOLAH.dbo.MENGIKUTI_ORGANISASI (NisSiswa,KdOrganisasi,Jabatan) VALUES
	 (N'0040',N'2022-Paskibra',N'Anggota'),
	 (N'0041',N'2022-Basket',N'Anggota'),
	 (N'0042',N'2022-PMR',N'Anggota'),
	 (N'0043',N'2022-KIR',N'Anggota');

INSERT INTO SEKOLAH.dbo.MENGIKUTI_LOMBA (NisSiswa,KdLomba) VALUES
	 (N'0010',N'LP001'),
	 (N'0011',N'LP002'),
	 (N'0012',N'LP003'),
	 (N'0013',N'LP004'),
	 (N'0014',N'LP005'),
	 (N'0015',N'LN001'),
	 (N'0016',N'LN002'),
	 (N'0017',N'LN003'),
	 (N'0018',N'LN004'),
	 (N'0019',N'LN005');
INSERT INTO SEKOLAH.dbo.MENGIKUTI_LOMBA (NisSiswa,KdLomba) VALUES
	 (N'0020',N'LK001'),
	 (N'0021',N'LK001');
	
INSERT INTO SEKOLAH.dbo.RIWAYAT_BELAJAR (NisSiswa,KdKelas) VALUES
	 (N'0001',N'2019-7-A'),
	 (N'0001',N'2020-8-A'),
	 (N'0001',N'2021-9-A'),
	 (N'0002',N'2019-7-A'),
	 (N'0002',N'2020-8-A'),
	 (N'0002',N'2021-9-A'),
	 (N'0003',N'2019-7-A'),
	 (N'0003',N'2020-8-A'),
	 (N'0003',N'2021-9-A'),
	 (N'0004',N'2019-7-A');
INSERT INTO SEKOLAH.dbo.RIWAYAT_BELAJAR (NisSiswa,KdKelas) VALUES
	 (N'0004',N'2020-8-B'),
	 (N'0004',N'2021-9-B'),
	 (N'0005',N'2019-7-A'),
	 (N'0005',N'2020-8-B'),
	 (N'0005',N'2021-9-B'),
	 (N'0006',N'2019-7-B'),
	 (N'0006',N'2020-8-B'),
	 (N'0006',N'2021-9-B'),
	 (N'0007',N'2019-7-B'),
	 (N'0007',N'2020-8-C');
INSERT INTO SEKOLAH.dbo.RIWAYAT_BELAJAR (NisSiswa,KdKelas) VALUES
	 (N'0007',N'2021-9-C'),
	 (N'0008',N'2019-7-B'),
	 (N'0008',N'2020-8-C'),
	 (N'0008',N'2021-9-C'),
	 (N'0009',N'2019-7-B'),
	 (N'0009',N'2020-8-C'),
	 (N'0009',N'2021-9-C'),
	 (N'0010',N'2020-7-A'),
	 (N'0010',N'2021-8-A'),
	 (N'0010',N'2022-9-A');
INSERT INTO SEKOLAH.dbo.RIWAYAT_BELAJAR (NisSiswa,KdKelas) VALUES
	 (N'0011',N'2020-7-A'),
	 (N'0011',N'2021-8-A'),
	 (N'0011',N'2022-9-A'),
	 (N'0012',N'2020-7-A'),
	 (N'0012',N'2021-8-A'),
	 (N'0012',N'2022-9-A'),
	 (N'0013',N'2020-7-A'),
	 (N'0013',N'2021-8-A'),
	 (N'0013',N'2022-9-A'),
	 (N'0014',N'2020-7-B');
INSERT INTO SEKOLAH.dbo.RIWAYAT_BELAJAR (NisSiswa,KdKelas) VALUES
	 (N'0015',N'2020-7-B'),
	 (N'0015',N'2021-8-B'),
	 (N'0015',N'2022-9-B'),
	 (N'0016',N'2020-7-B'),
	 (N'0016',N'2021-8-B'),
	 (N'0016',N'2022-9-B'),
	 (N'0017',N'2020-7-B'),
	 (N'0017',N'2021-8-B'),
	 (N'0017',N'2022-9-B'),
	 (N'0018',N'2020-7-C');
INSERT INTO SEKOLAH.dbo.RIWAYAT_BELAJAR (NisSiswa,KdKelas) VALUES
	 (N'0018',N'2021-8-C'),
	 (N'0018',N'2022-9-C'),
	 (N'0019',N'2020-7-C'),
	 (N'0019',N'2021-8-C'),
	 (N'0019',N'2022-9-C'),
	 (N'0020',N'2020-7-C'),
	 (N'0020',N'2021-8-C'),
	 (N'0020',N'2022-9-C'),
	 (N'0021',N'2020-7-C'),
	 (N'0021',N'2021-8-C');
INSERT INTO SEKOLAH.dbo.RIWAYAT_BELAJAR (NisSiswa,KdKelas) VALUES
	 (N'0021',N'2022-9-C'),
	 (N'0022',N'2021-7-A'),
	 (N'0022',N'2022-8-A'),
	 (N'0023',N'2021-7-A'),
	 (N'0023',N'2022-8-A'),
	 (N'0024',N'2021-7-A'),
	 (N'0024',N'2022-8-A'),
	 (N'0025',N'2021-7-A'),
	 (N'0025',N'2022-8-A'),
	 (N'0026',N'2021-7-B');
INSERT INTO SEKOLAH.dbo.RIWAYAT_BELAJAR (NisSiswa,KdKelas) VALUES
	 (N'0026',N'2022-8-B'),
	 (N'0027',N'2021-7-B'),
	 (N'0028',N'2021-7-B'),
	 (N'0028',N'2022-8-B'),
	 (N'0029',N'2021-7-B'),
	 (N'0029',N'2022-8-B'),
	 (N'0030',N'2021-7-C'),
	 (N'0030',N'2022-8-C'),
	 (N'0031',N'2021-7-C'),
	 (N'0031',N'2022-8-C');
INSERT INTO SEKOLAH.dbo.RIWAYAT_BELAJAR (NisSiswa,KdKelas) VALUES
	 (N'0032',N'2021-7-C'),
	 (N'0032',N'2022-8-C'),
	 (N'0033',N'2021-7-C'),
	 (N'0033',N'2022-8-C'),
	 (N'0034',N'2022-7-A'),
	 (N'0035',N'2022-7-A'),
	 (N'0036',N'2022-7-A'),
	 (N'0037',N'2022-7-A'),
	 (N'0038',N'2022-7-B'),
	 (N'0039',N'2022-7-B');
INSERT INTO SEKOLAH.dbo.RIWAYAT_BELAJAR (NisSiswa,KdKelas) VALUES
	 (N'0040',N'2022-7-B'),
	 (N'0041',N'2022-7-B'),
	 (N'0042',N'2022-7-C'),
	 (N'0043',N'2022-7-C'),
	 (N'0044',N'2022-7-C'),
	 (N'0045',N'2022-7-C');

INSERT INTO SEKOLAH.dbo.KONSULTASI (NisSiswa,KdGuru,MbAkademik,MbNonAkademik) VALUES
	 (N'0010',N'G0001',N'IPS',N'Olahraga'),
	 (N'0011',N'G0002',N'IPS',N'Seni'),
	 (N'0012',N'G0003',N'IPS',N'Seni'),
	 (N'0013',N'G0004',N'IPS',N'Olahraga'),
	 (N'0014',N'G0005',N'MIPA',N'Olahraga'),
	 (N'0015',N'G0006',N'MIPA',N'Seni'),
	 (N'0016',N'G0007',N'MIPA',N'Seni'),
	 (N'0017',N'G0008',N'MIPA',N'Seni'),
	 (N'0018',N'G0009',N'IPS',N'Olahraga'),
	 (N'0019',N'G0010',N'IPS',N'Olahraga');
INSERT INTO SEKOLAH.dbo.KONSULTASI (NisSiswa,KdGuru,MbAkademik,MbNonAkademik) VALUES
	 (N'0020',N'G0011',N'MIPA',N'Olahraga'),
	 (N'0021',N'G0012',N'MIPA',N'Seni'),
	 (N'0022',N'G0013',N'IPS',N'Olahraga'),
	 (N'0023',N'G0014',N'IPS',N'Seni');

	INSERT INTO SEKOLAH.dbo.MENGAJAR (NisSiswa,KdGuru,KdKelas,NamaMapel,Semester,JamPerminggu,NilaiUts,NilaiUas) VALUES
	 (N'0010',N'G0001',N'2020-9-A',N'Bahasa Indonesia',1,2,88,76),
	 (N'0010',N'G0001',N'2020-9-A',N'Bahasa Indonesia',2,2,91,78),
	 (N'0010',N'G0003',N'2020-9-A',N'Bahasa Inggris',1,2,63,79),
	 (N'0010',N'G0003',N'2020-9-A',N'Bahasa Inggris',2,2,67,64),
	 (N'0010',N'G0005',N'2020-9-A',N'Matematika',1,3,94,85),
	 (N'0010',N'G0005',N'2020-9-A',N'Matematika',2,3,86,100),
	 (N'0010',N'G0007',N'2020-9-A',N'IPA',1,3,90,73),
	 (N'0010',N'G0007',N'2020-9-A',N'IPA',2,3,78,64),
	 (N'0010',N'G0009',N'2020-9-A',N'IPS',1,3,99,72),
	 (N'0010',N'G0009',N'2020-9-A',N'IPS',2,3,93,70);
INSERT INTO SEKOLAH.dbo.MENGAJAR (NisSiswa,KdGuru,KdKelas,NamaMapel,Semester,JamPerminggu,NilaiUts,NilaiUas) VALUES
	 (N'0010',N'G0011',N'2020-9-A',N'Pendidikan Pancasila dan Kewarganegaraan',1,2,95,97),
	 (N'0010',N'G0011',N'2020-9-A',N'Pendidikan Pancasila dan Kewarganegaraan',2,2,61,81),
	 (N'0010',N'G0013',N'2020-9-A',N'Pendidikan Agama',1,2,93,70),
	 (N'0010',N'G0013',N'2020-9-A',N'Pendidikan Agama',2,2,87,93),
	 (N'0010',N'G0015',N'2020-9-A',N'PJOK',1,3,68,89),
	 (N'0010',N'G0015',N'2020-9-A',N'PJOK',2,3,89,96),
	 (N'0010',N'G0017',N'2020-9-A',N'Seni dan Prakarya',1,2,75,68),
	 (N'0010',N'G0017',N'2020-9-A',N'Seni dan Prakarya',2,2,86,69),
	 (N'0010',N'G0019',N'2020-9-A',N'Informatika',1,2,63,99),
	 (N'0010',N'G0019',N'2020-9-A',N'Informatika',2,2,96,86);
INSERT INTO SEKOLAH.dbo.MENGAJAR (NisSiswa,KdGuru,KdKelas,NamaMapel,Semester,JamPerminggu,NilaiUts,NilaiUas) VALUES
	 (N'0011',N'G0001',N'2020-9-A',N'Bahasa Indonesia',1,2,89,80),
	 (N'0011',N'G0001',N'2020-9-A',N'Bahasa Indonesia',2,2,65,93),
	 (N'0011',N'G0003',N'2020-9-A',N'Bahasa Inggris',1,2,62,87),
	 (N'0011',N'G0003',N'2020-9-A',N'Bahasa Inggris',2,2,75,79),
	 (N'0011',N'G0005',N'2020-9-A',N'Matematika',1,3,93,99),
	 (N'0011',N'G0005',N'2020-9-A',N'Matematika',2,3,75,88),
	 (N'0011',N'G0007',N'2020-9-A',N'IPA',1,3,65,82),
	 (N'0011',N'G0007',N'2020-9-A',N'IPA',2,3,88,81),
	 (N'0011',N'G0009',N'2020-9-A',N'IPS',1,3,66,63),
	 (N'0011',N'G0009',N'2020-9-A',N'IPS',2,3,86,83);
INSERT INTO SEKOLAH.dbo.MENGAJAR (NisSiswa,KdGuru,KdKelas,NamaMapel,Semester,JamPerminggu,NilaiUts,NilaiUas) VALUES
	 (N'0011',N'G0011',N'2020-9-A',N'Pendidikan Pancasila dan Kewarganegaraan',1,2,66,65),
	 (N'0011',N'G0011',N'2020-9-A',N'Pendidikan Pancasila dan Kewarganegaraan',2,2,70,88),
	 (N'0011',N'G0013',N'2020-9-A',N'Pendidikan Agama',1,2,73,100),
	 (N'0011',N'G0013',N'2020-9-A',N'Pendidikan Agama',2,2,79,80),
	 (N'0011',N'G0015',N'2020-9-A',N'PJOK',1,3,97,95),
	 (N'0011',N'G0015',N'2020-9-A',N'PJOK',2,3,62,67),
	 (N'0011',N'G0017',N'2020-9-A',N'Seni dan Prakarya',1,2,64,82),
	 (N'0011',N'G0017',N'2020-9-A',N'Seni dan Prakarya',2,2,84,73),
	 (N'0011',N'G0019',N'2020-9-A',N'Informatika',1,2,89,61),
	 (N'0011',N'G0019',N'2020-9-A',N'Informatika',2,2,63,85);
INSERT INTO SEKOLAH.dbo.MENGAJAR (NisSiswa,KdGuru,KdKelas,NamaMapel,Semester,JamPerminggu,NilaiUts,NilaiUas) VALUES
	 (N'0012',N'G0001',N'2020-9-A',N'Bahasa Indonesia',1,2,62,100),
	 (N'0012',N'G0001',N'2020-9-A',N'Bahasa Indonesia',2,2,88,66),
	 (N'0012',N'G0003',N'2020-9-A',N'Bahasa Inggris',1,2,64,80),
	 (N'0012',N'G0003',N'2020-9-A',N'Bahasa Inggris',2,2,90,67),
	 (N'0012',N'G0005',N'2020-9-A',N'Matematika',1,3,69,83),
	 (N'0012',N'G0005',N'2020-9-A',N'Matematika',2,3,93,94),
	 (N'0012',N'G0007',N'2020-9-A',N'IPA',1,3,62,71),
	 (N'0012',N'G0007',N'2020-9-A',N'IPA',2,3,74,62),
	 (N'0012',N'G0009',N'2020-9-A',N'IPS',1,3,65,87),
	 (N'0012',N'G0009',N'2020-9-A',N'IPS',2,3,74,88);
INSERT INTO SEKOLAH.dbo.MENGAJAR (NisSiswa,KdGuru,KdKelas,NamaMapel,Semester,JamPerminggu,NilaiUts,NilaiUas) VALUES
	 (N'0012',N'G0011',N'2020-9-A',N'Pendidikan Pancasila dan Kewarganegaraan',1,2,87,60),
	 (N'0012',N'G0011',N'2020-9-A',N'Pendidikan Pancasila dan Kewarganegaraan',2,2,87,81),
	 (N'0012',N'G0013',N'2020-9-A',N'Pendidikan Agama',1,2,68,89),
	 (N'0012',N'G0013',N'2020-9-A',N'Pendidikan Agama',2,2,97,77),
	 (N'0012',N'G0015',N'2020-9-A',N'PJOK',1,3,64,96),
	 (N'0012',N'G0015',N'2020-9-A',N'PJOK',2,3,98,88),
	 (N'0012',N'G0017',N'2020-9-A',N'Seni dan Prakarya',1,2,71,66),
	 (N'0012',N'G0017',N'2020-9-A',N'Seni dan Prakarya',2,2,83,70),
	 (N'0012',N'G0019',N'2020-9-A',N'Informatika',1,2,63,67),
	 (N'0012',N'G0019',N'2020-9-A',N'Informatika',2,2,80,79);
INSERT INTO SEKOLAH.dbo.MENGAJAR (NisSiswa,KdGuru,KdKelas,NamaMapel,Semester,JamPerminggu,NilaiUts,NilaiUas) VALUES
	 (N'0013',N'G0001',N'2020-9-A',N'Bahasa Indonesia',1,2,63,76),
	 (N'0013',N'G0001',N'2020-9-A',N'Bahasa Indonesia',2,2,72,71),
	 (N'0013',N'G0003',N'2020-9-A',N'Bahasa Inggris',1,2,64,86),
	 (N'0013',N'G0003',N'2020-9-A',N'Bahasa Inggris',2,2,66,76),
	 (N'0013',N'G0005',N'2020-9-A',N'Matematika',1,3,96,100),
	 (N'0013',N'G0005',N'2020-9-A',N'Matematika',2,3,76,80),
	 (N'0013',N'G0007',N'2020-9-A',N'IPA',1,3,82,83),
	 (N'0013',N'G0007',N'2020-9-A',N'IPA',2,3,73,60),
	 (N'0013',N'G0009',N'2020-9-A',N'IPS',1,3,80,95),
	 (N'0013',N'G0009',N'2020-9-A',N'IPS',2,3,83,72);
INSERT INTO SEKOLAH.dbo.MENGAJAR (NisSiswa,KdGuru,KdKelas,NamaMapel,Semester,JamPerminggu,NilaiUts,NilaiUas) VALUES
	 (N'0013',N'G0011',N'2020-9-A',N'Pendidikan Pancasila dan Kewarganegaraan',1,2,70,72),
	 (N'0013',N'G0011',N'2020-9-A',N'Pendidikan Pancasila dan Kewarganegaraan',2,2,99,99),
	 (N'0013',N'G0013',N'2020-9-A',N'Pendidikan Agama',1,2,64,61),
	 (N'0013',N'G0013',N'2020-9-A',N'Pendidikan Agama',2,2,64,63),
	 (N'0013',N'G0015',N'2020-9-A',N'PJOK',1,3,89,100),
	 (N'0013',N'G0015',N'2020-9-A',N'PJOK',2,3,67,78),
	 (N'0013',N'G0017',N'2020-9-A',N'Seni dan Prakarya',1,2,67,86),
	 (N'0013',N'G0017',N'2020-9-A',N'Seni dan Prakarya',2,2,79,100),
	 (N'0013',N'G0019',N'2020-9-A',N'Informatika',1,2,90,84),
	 (N'0013',N'G0019',N'2020-9-A',N'Informatika',2,2,80,72);
INSERT INTO SEKOLAH.dbo.MENGAJAR (NisSiswa,KdGuru,KdKelas,NamaMapel,Semester,JamPerminggu,NilaiUts,NilaiUas) VALUES
	 (N'0014',N'G0001',N'2020-9-B',N'Bahasa Indonesia',1,2,82,61),
	 (N'0014',N'G0001',N'2020-9-B',N'Bahasa Indonesia',2,2,63,88),
	 (N'0014',N'G0003',N'2020-9-B',N'Bahasa Inggris',1,2,77,75),
	 (N'0014',N'G0003',N'2020-9-B',N'Bahasa Inggris',2,2,85,88),
	 (N'0014',N'G0005',N'2020-9-B',N'Matematika',1,3,92,83),
	 (N'0014',N'G0005',N'2020-9-B',N'Matematika',2,3,100,100),
	 (N'0014',N'G0007',N'2020-9-B',N'IPA',1,3,69,75),
	 (N'0014',N'G0007',N'2020-9-B',N'IPA',2,3,73,98),
	 (N'0014',N'G0009',N'2020-9-B',N'IPS',1,3,80,99),
	 (N'0014',N'G0009',N'2020-9-B',N'IPS',2,3,76,60);
INSERT INTO SEKOLAH.dbo.MENGAJAR (NisSiswa,KdGuru,KdKelas,NamaMapel,Semester,JamPerminggu,NilaiUts,NilaiUas) VALUES
	 (N'0014',N'G0011',N'2020-9-B',N'Pendidikan Pancasila dan Kewarganegaraan',1,2,79,99),
	 (N'0014',N'G0011',N'2020-9-B',N'Pendidikan Pancasila dan Kewarganegaraan',2,2,93,60),
	 (N'0014',N'G0013',N'2020-9-B',N'Pendidikan Agama',1,2,93,83),
	 (N'0014',N'G0013',N'2020-9-B',N'Pendidikan Agama',2,2,99,68),
	 (N'0014',N'G0015',N'2020-9-B',N'PJOK',1,3,62,74),
	 (N'0014',N'G0015',N'2020-9-B',N'PJOK',2,3,91,65),
	 (N'0014',N'G0017',N'2020-9-B',N'Seni dan Prakarya',1,2,62,74),
	 (N'0014',N'G0017',N'2020-9-B',N'Seni dan Prakarya',2,2,71,62),
	 (N'0014',N'G0019',N'2020-9-B',N'Informatika',1,2,92,66),
	 (N'0014',N'G0019',N'2020-9-B',N'Informatika',2,2,99,78);
INSERT INTO SEKOLAH.dbo.MENGAJAR (NisSiswa,KdGuru,KdKelas,NamaMapel,Semester,JamPerminggu,NilaiUts,NilaiUas) VALUES
	 (N'0015',N'G0001',N'2020-9-B',N'Bahasa Indonesia',1,2,96,96),
	 (N'0015',N'G0001',N'2020-9-B',N'Bahasa Indonesia',2,2,75,69),
	 (N'0015',N'G0003',N'2020-9-B',N'Bahasa Inggris',1,2,61,60),
	 (N'0015',N'G0003',N'2020-9-B',N'Bahasa Inggris',2,2,73,87),
	 (N'0015',N'G0005',N'2020-9-B',N'Matematika',1,3,90,93),
	 (N'0015',N'G0005',N'2020-9-B',N'Matematika',2,3,65,77),
	 (N'0015',N'G0007',N'2020-9-B',N'IPA',1,3,63,94),
	 (N'0015',N'G0007',N'2020-9-B',N'IPA',2,3,78,79),
	 (N'0015',N'G0009',N'2020-9-B',N'IPS',1,3,86,89),
	 (N'0015',N'G0009',N'2020-9-B',N'IPS',2,3,86,85);
INSERT INTO SEKOLAH.dbo.MENGAJAR (NisSiswa,KdGuru,KdKelas,NamaMapel,Semester,JamPerminggu,NilaiUts,NilaiUas) VALUES
	 (N'0015',N'G0011',N'2020-9-B',N'Pendidikan Pancasila dan Kewarganegaraan',1,2,98,93),
	 (N'0015',N'G0011',N'2020-9-B',N'Pendidikan Pancasila dan Kewarganegaraan',2,2,80,89),
	 (N'0015',N'G0013',N'2020-9-B',N'Pendidikan Agama',1,2,100,62),
	 (N'0015',N'G0013',N'2020-9-B',N'Pendidikan Agama',2,2,76,65),
	 (N'0015',N'G0015',N'2020-9-B',N'PJOK',1,3,96,88),
	 (N'0015',N'G0015',N'2020-9-B',N'PJOK',2,3,87,77),
	 (N'0015',N'G0017',N'2020-9-B',N'Seni dan Prakarya',1,2,69,73),
	 (N'0015',N'G0017',N'2020-9-B',N'Seni dan Prakarya',2,2,74,64),
	 (N'0015',N'G0019',N'2020-9-B',N'Informatika',1,2,78,96),
	 (N'0015',N'G0019',N'2020-9-B',N'Informatika',2,2,74,61);
INSERT INTO SEKOLAH.dbo.MENGAJAR (NisSiswa,KdGuru,KdKelas,NamaMapel,Semester,JamPerminggu,NilaiUts,NilaiUas) VALUES
	 (N'0016',N'G0001',N'2020-9-B',N'Bahasa Indonesia',1,2,75,60),
	 (N'0016',N'G0001',N'2020-9-B',N'Bahasa Indonesia',2,2,75,92),
	 (N'0016',N'G0003',N'2020-9-B',N'Bahasa Inggris',1,2,63,88),
	 (N'0016',N'G0003',N'2020-9-B',N'Bahasa Inggris',2,2,61,77),
	 (N'0016',N'G0005',N'2020-9-B',N'Matematika',1,3,90,97),
	 (N'0016',N'G0005',N'2020-9-B',N'Matematika',2,3,65,69),
	 (N'0016',N'G0007',N'2020-9-B',N'IPA',1,3,62,91),
	 (N'0016',N'G0007',N'2020-9-B',N'IPA',2,3,95,99),
	 (N'0016',N'G0009',N'2020-9-B',N'IPS',1,3,86,100),
	 (N'0016',N'G0009',N'2020-9-B',N'IPS',2,3,71,64);
INSERT INTO SEKOLAH.dbo.MENGAJAR (NisSiswa,KdGuru,KdKelas,NamaMapel,Semester,JamPerminggu,NilaiUts,NilaiUas) VALUES
	 (N'0016',N'G0011',N'2020-9-B',N'Pendidikan Pancasila dan Kewarganegaraan',1,2,68,76),
	 (N'0016',N'G0011',N'2020-9-B',N'Pendidikan Pancasila dan Kewarganegaraan',2,2,83,66),
	 (N'0016',N'G0013',N'2020-9-B',N'Pendidikan Agama',1,2,75,62),
	 (N'0016',N'G0013',N'2020-9-B',N'Pendidikan Agama',2,2,77,80),
	 (N'0016',N'G0015',N'2020-9-B',N'PJOK',1,3,90,86),
	 (N'0016',N'G0015',N'2020-9-B',N'PJOK',2,3,79,88),
	 (N'0016',N'G0017',N'2020-9-B',N'Seni dan Prakarya',1,2,96,61),
	 (N'0016',N'G0017',N'2020-9-B',N'Seni dan Prakarya',2,2,84,86),
	 (N'0016',N'G0019',N'2020-9-B',N'Informatika',1,2,72,96),
	 (N'0016',N'G0019',N'2020-9-B',N'Informatika',2,2,66,79);
INSERT INTO SEKOLAH.dbo.MENGAJAR (NisSiswa,KdGuru,KdKelas,NamaMapel,Semester,JamPerminggu,NilaiUts,NilaiUas) VALUES
	 (N'0017',N'G0001',N'2020-9-B',N'Bahasa Indonesia',1,2,73,64),
	 (N'0017',N'G0001',N'2020-9-B',N'Bahasa Indonesia',2,2,82,61),
	 (N'0017',N'G0003',N'2020-9-B',N'Bahasa Inggris',1,2,84,71),
	 (N'0017',N'G0003',N'2020-9-B',N'Bahasa Inggris',2,2,86,77),
	 (N'0017',N'G0005',N'2020-9-B',N'Matematika',1,3,91,98),
	 (N'0017',N'G0005',N'2020-9-B',N'Matematika',2,3,69,95),
	 (N'0017',N'G0007',N'2020-9-B',N'IPA',1,3,60,97),
	 (N'0017',N'G0007',N'2020-9-B',N'IPA',2,3,98,94),
	 (N'0017',N'G0009',N'2020-9-B',N'IPS',1,3,71,97),
	 (N'0017',N'G0009',N'2020-9-B',N'IPS',2,3,97,93);
INSERT INTO SEKOLAH.dbo.MENGAJAR (NisSiswa,KdGuru,KdKelas,NamaMapel,Semester,JamPerminggu,NilaiUts,NilaiUas) VALUES
	 (N'0017',N'G0011',N'2020-9-B',N'Pendidikan Pancasila dan Kewarganegaraan',1,2,72,100),
	 (N'0017',N'G0011',N'2020-9-B',N'Pendidikan Pancasila dan Kewarganegaraan',2,2,95,60),
	 (N'0017',N'G0013',N'2020-9-B',N'Pendidikan Agama',1,2,79,96),
	 (N'0017',N'G0013',N'2020-9-B',N'Pendidikan Agama',2,2,91,78),
	 (N'0017',N'G0015',N'2020-9-B',N'PJOK',1,3,68,67),
	 (N'0017',N'G0015',N'2020-9-B',N'PJOK',2,3,76,88),
	 (N'0017',N'G0017',N'2020-9-B',N'Seni dan Prakarya',1,2,97,89),
	 (N'0017',N'G0017',N'2020-9-B',N'Seni dan Prakarya',2,2,72,88),
	 (N'0017',N'G0019',N'2020-9-B',N'Informatika',1,2,80,97),
	 (N'0017',N'G0019',N'2020-9-B',N'Informatika',2,2,99,88);
INSERT INTO SEKOLAH.dbo.MENGAJAR (NisSiswa,KdGuru,KdKelas,NamaMapel,Semester,JamPerminggu,NilaiUts,NilaiUas) VALUES
	 (N'0018',N'G0001',N'2020-9-C',N'Bahasa Indonesia',1,2,67,96),
	 (N'0018',N'G0001',N'2020-9-C',N'Bahasa Indonesia',2,2,77,63),
	 (N'0018',N'G0003',N'2020-9-C',N'Bahasa Inggris',1,2,60,60),
	 (N'0018',N'G0003',N'2020-9-C',N'Bahasa Inggris',2,2,100,88),
	 (N'0018',N'G0005',N'2020-9-C',N'Matematika',1,3,83,60),
	 (N'0018',N'G0005',N'2020-9-C',N'Matematika',2,3,100,65),
	 (N'0018',N'G0007',N'2020-9-C',N'IPA',1,3,90,77),
	 (N'0018',N'G0007',N'2020-9-C',N'IPA',2,3,99,71),
	 (N'0018',N'G0009',N'2020-9-C',N'IPS',1,3,89,81),
	 (N'0018',N'G0009',N'2020-9-C',N'IPS',2,3,62,76);
INSERT INTO SEKOLAH.dbo.MENGAJAR (NisSiswa,KdGuru,KdKelas,NamaMapel,Semester,JamPerminggu,NilaiUts,NilaiUas) VALUES
	 (N'0018',N'G0011',N'2020-9-C',N'Pendidikan Pancasila dan Kewarganegaraan',1,2,96,84),
	 (N'0018',N'G0011',N'2020-9-C',N'Pendidikan Pancasila dan Kewarganegaraan',2,2,100,66),
	 (N'0018',N'G0013',N'2020-9-C',N'Pendidikan Agama',1,2,64,81),
	 (N'0018',N'G0013',N'2020-9-C',N'Pendidikan Agama',2,2,77,93),
	 (N'0018',N'G0015',N'2020-9-C',N'PJOK',1,3,74,87),
	 (N'0018',N'G0015',N'2020-9-C',N'PJOK',2,3,60,91),
	 (N'0018',N'G0017',N'2020-9-C',N'Seni dan Prakarya',1,2,62,68),
	 (N'0018',N'G0017',N'2020-9-C',N'Seni dan Prakarya',2,2,69,89),
	 (N'0018',N'G0019',N'2020-9-C',N'Informatika',1,2,77,98),
	 (N'0018',N'G0019',N'2020-9-C',N'Informatika',2,2,63,66);
INSERT INTO SEKOLAH.dbo.MENGAJAR (NisSiswa,KdGuru,KdKelas,NamaMapel,Semester,JamPerminggu,NilaiUts,NilaiUas) VALUES
	 (N'0019',N'G0001',N'2020-9-C',N'Bahasa Indonesia',1,2,93,70),
	 (N'0019',N'G0001',N'2020-9-C',N'Bahasa Indonesia',2,2,96,96),
	 (N'0019',N'G0003',N'2020-9-C',N'Bahasa Inggris',1,2,61,76),
	 (N'0019',N'G0003',N'2020-9-C',N'Bahasa Inggris',2,2,77,73),
	 (N'0019',N'G0005',N'2020-9-C',N'Matematika',1,3,96,86),
	 (N'0019',N'G0005',N'2020-9-C',N'Matematika',2,3,90,70),
	 (N'0019',N'G0007',N'2020-9-C',N'IPA',1,3,75,74),
	 (N'0019',N'G0007',N'2020-9-C',N'IPA',2,3,77,87),
	 (N'0019',N'G0009',N'2020-9-C',N'IPS',1,3,82,96),
	 (N'0019',N'G0009',N'2020-9-C',N'IPS',2,3,75,80);
INSERT INTO SEKOLAH.dbo.MENGAJAR (NisSiswa,KdGuru,KdKelas,NamaMapel,Semester,JamPerminggu,NilaiUts,NilaiUas) VALUES
	 (N'0019',N'G0011',N'2020-9-C',N'Pendidikan Pancasila dan Kewarganegaraan',1,2,70,94),
	 (N'0019',N'G0011',N'2020-9-C',N'Pendidikan Pancasila dan Kewarganegaraan',2,2,82,66),
	 (N'0019',N'G0013',N'2020-9-C',N'Pendidikan Agama',1,2,93,86),
	 (N'0019',N'G0013',N'2020-9-C',N'Pendidikan Agama',2,2,70,94),
	 (N'0019',N'G0015',N'2020-9-C',N'PJOK',1,3,74,74),
	 (N'0019',N'G0015',N'2020-9-C',N'PJOK',2,3,100,79),
	 (N'0019',N'G0017',N'2020-9-C',N'Seni dan Prakarya',1,2,78,60),
	 (N'0019',N'G0017',N'2020-9-C',N'Seni dan Prakarya',2,2,74,95),
	 (N'0019',N'G0019',N'2020-9-C',N'Informatika',1,2,85,72),
	 (N'0019',N'G0019',N'2020-9-C',N'Informatika',2,2,90,97);
INSERT INTO SEKOLAH.dbo.MENGAJAR (NisSiswa,KdGuru,KdKelas,NamaMapel,Semester,JamPerminggu,NilaiUts,NilaiUas) VALUES
	 (N'0020',N'G0001',N'2020-9-C',N'Bahasa Indonesia',1,2,74,100),
	 (N'0020',N'G0001',N'2020-9-C',N'Bahasa Indonesia',2,2,84,77),
	 (N'0020',N'G0003',N'2020-9-C',N'Bahasa Inggris',1,2,68,83),
	 (N'0020',N'G0003',N'2020-9-C',N'Bahasa Inggris',2,2,71,100),
	 (N'0020',N'G0005',N'2020-9-C',N'Matematika',1,3,76,84),
	 (N'0020',N'G0005',N'2020-9-C',N'Matematika',2,3,85,72),
	 (N'0020',N'G0007',N'2020-9-C',N'IPA',1,3,66,78),
	 (N'0020',N'G0007',N'2020-9-C',N'IPA',2,3,87,61),
	 (N'0020',N'G0009',N'2020-9-C',N'IPS',1,3,88,69),
	 (N'0020',N'G0009',N'2020-9-C',N'IPS',2,3,67,67);
INSERT INTO SEKOLAH.dbo.MENGAJAR (NisSiswa,KdGuru,KdKelas,NamaMapel,Semester,JamPerminggu,NilaiUts,NilaiUas) VALUES
	 (N'0020',N'G0011',N'2020-9-C',N'Pendidikan Pancasila dan Kewarganegaraan',1,2,64,89),
	 (N'0020',N'G0011',N'2020-9-C',N'Pendidikan Pancasila dan Kewarganegaraan',2,2,64,70),
	 (N'0020',N'G0013',N'2020-9-C',N'Pendidikan Agama',1,2,81,63),
	 (N'0020',N'G0013',N'2020-9-C',N'Pendidikan Agama',2,2,81,96),
	 (N'0020',N'G0015',N'2020-9-C',N'PJOK',1,3,80,62),
	 (N'0020',N'G0015',N'2020-9-C',N'PJOK',2,3,94,94),
	 (N'0020',N'G0017',N'2020-9-C',N'Seni dan Prakarya',1,2,60,64),
	 (N'0020',N'G0017',N'2020-9-C',N'Seni dan Prakarya',2,2,62,66),
	 (N'0020',N'G0019',N'2020-9-C',N'Informatika',1,2,69,88),
	 (N'0020',N'G0019',N'2020-9-C',N'Informatika',2,2,63,82);
INSERT INTO SEKOLAH.dbo.MENGAJAR (NisSiswa,KdGuru,KdKelas,NamaMapel,Semester,JamPerminggu,NilaiUts,NilaiUas) VALUES
	 (N'0021',N'G0001',N'2020-9-C',N'Bahasa Indonesia',1,2,98,71),
	 (N'0021',N'G0001',N'2020-9-C',N'Bahasa Indonesia',2,2,70,73),
	 (N'0021',N'G0003',N'2020-9-C',N'Bahasa Inggris',1,2,85,99),
	 (N'0021',N'G0003',N'2020-9-C',N'Bahasa Inggris',2,2,92,90),
	 (N'0021',N'G0005',N'2020-9-C',N'Matematika',1,3,98,75),
	 (N'0021',N'G0005',N'2020-9-C',N'Matematika',2,3,89,97),
	 (N'0021',N'G0007',N'2020-9-C',N'IPA',1,3,66,95),
	 (N'0021',N'G0007',N'2020-9-C',N'IPA',2,3,78,73),
	 (N'0021',N'G0009',N'2020-9-C',N'IPS',1,3,92,70),
	 (N'0021',N'G0009',N'2020-9-C',N'IPS',2,3,86,100);
INSERT INTO SEKOLAH.dbo.MENGAJAR (NisSiswa,KdGuru,KdKelas,NamaMapel,Semester,JamPerminggu,NilaiUts,NilaiUas) VALUES
	 (N'0021',N'G0011',N'2020-9-C',N'Pendidikan Pancasila dan Kewarganegaraan',1,2,86,63),
	 (N'0021',N'G0011',N'2020-9-C',N'Pendidikan Pancasila dan Kewarganegaraan',2,2,65,63),
	 (N'0021',N'G0013',N'2020-9-C',N'Pendidikan Agama',1,2,80,82),
	 (N'0021',N'G0013',N'2020-9-C',N'Pendidikan Agama',2,2,90,73),
	 (N'0021',N'G0015',N'2020-9-C',N'PJOK',1,3,93,67),
	 (N'0021',N'G0015',N'2020-9-C',N'PJOK',2,3,65,73),
	 (N'0021',N'G0017',N'2020-9-C',N'Seni dan Prakarya',1,2,94,79),
	 (N'0021',N'G0017',N'2020-9-C',N'Seni dan Prakarya',2,2,91,74),
	 (N'0021',N'G0019',N'2020-9-C',N'Informatika',1,2,68,62),
	 (N'0021',N'G0019',N'2020-9-C',N'Informatika',2,2,62,100);
	
INSERT INTO SEKOLAH.dbo.PRESENSI (NisSiswa,KdGuru,KdKelas,NamaMapel,Semester,Tanggal,Status) VALUES
	 (N'0010',N'G0001',N'2020-9-A',N'Bahasa Indonesia',1,'2022-10-03',N'H'),
	 (N'0010',N'G0001',N'2020-9-A',N'Bahasa Indonesia',1,'2022-10-10',N'H'),
	 (N'0010',N'G0003',N'2020-9-A',N'Bahasa Inggris',1,'2022-10-03',N'S'),
	 (N'0010',N'G0003',N'2020-9-A',N'Bahasa Inggris',1,'2022-10-10',N'H'),
	 (N'0010',N'G0005',N'2020-9-A',N'Matematika',1,'2022-10-03',N'H'),
	 (N'0010',N'G0005',N'2020-9-A',N'Matematika',1,'2022-10-10',N'H'),
	 (N'0010',N'G0007',N'2020-9-A',N'IPA',1,'2022-10-04',N'H'),
	 (N'0010',N'G0007',N'2020-9-A',N'IPA',1,'2022-10-11',N'S'),
	 (N'0010',N'G0009',N'2020-9-A',N'IPS',1,'2022-10-04',N'H'),
	 (N'0010',N'G0009',N'2020-9-A',N'IPS',1,'2022-10-11',N'H');
INSERT INTO SEKOLAH.dbo.PRESENSI (NisSiswa,KdGuru,KdKelas,NamaMapel,Semester,Tanggal,Status) VALUES
	 (N'0010',N'G0011',N'2020-9-A',N'Pendidikan Pancasila dan Kewarganegaraan',1,'2022-10-05',N'H'),
	 (N'0010',N'G0011',N'2020-9-A',N'Pendidikan Pancasila dan Kewarganegaraan',1,'2022-10-12',N'H'),
	 (N'0010',N'G0013',N'2020-9-A',N'Pendidikan Agama',1,'2022-10-05',N'S'),
	 (N'0010',N'G0013',N'2020-9-A',N'Pendidikan Agama',1,'2022-10-12',N'H'),
	 (N'0010',N'G0015',N'2020-9-A',N'PJOK',1,'2022-10-06',N'H'),
	 (N'0010',N'G0015',N'2020-9-A',N'PJOK',1,'2022-10-13',N'H'),
	 (N'0010',N'G0017',N'2020-9-A',N'Seni dan Prakarya',1,'2022-10-06',N'H'),
	 (N'0010',N'G0017',N'2020-9-A',N'Seni dan Prakarya',1,'2022-10-13',N'S'),
	 (N'0010',N'G0019',N'2020-9-A',N'Informatika',1,'2022-10-07',N'H'),
	 (N'0010',N'G0019',N'2020-9-A',N'Informatika',1,'2022-10-14',N'H');
INSERT INTO SEKOLAH.dbo.PRESENSI (NisSiswa,KdGuru,KdKelas,NamaMapel,Semester,Tanggal,Status) VALUES
	 (N'0011',N'G0001',N'2020-9-A',N'Bahasa Indonesia',1,'2022-10-03',N'H'),
	 (N'0011',N'G0001',N'2020-9-A',N'Bahasa Indonesia',1,'2022-10-10',N'H'),
	 (N'0011',N'G0003',N'2020-9-A',N'Bahasa Inggris',1,'2022-10-03',N'H'),
	 (N'0011',N'G0003',N'2020-9-A',N'Bahasa Inggris',1,'2022-10-10',N'A'),
	 (N'0011',N'G0005',N'2020-9-A',N'Matematika',1,'2022-10-03',N'H'),
	 (N'0011',N'G0005',N'2020-9-A',N'Matematika',1,'2022-10-10',N'H'),
	 (N'0011',N'G0007',N'2020-9-A',N'IPA',1,'2022-10-04',N'H'),
	 (N'0011',N'G0007',N'2020-9-A',N'IPA',1,'2022-10-11',N'H'),
	 (N'0011',N'G0009',N'2020-9-A',N'IPS',1,'2022-10-04',N'A'),
	 (N'0011',N'G0009',N'2020-9-A',N'IPS',1,'2022-10-11',N'H');
INSERT INTO SEKOLAH.dbo.PRESENSI (NisSiswa,KdGuru,KdKelas,NamaMapel,Semester,Tanggal,Status) VALUES
	 (N'0011',N'G0011',N'2020-9-A',N'Pendidikan Pancasila dan Kewarganegaraan',1,'2022-10-05',N'H'),
	 (N'0011',N'G0011',N'2020-9-A',N'Pendidikan Pancasila dan Kewarganegaraan',1,'2022-10-12',N'H'),
	 (N'0011',N'G0013',N'2020-9-A',N'Pendidikan Agama',1,'2022-10-05',N'H'),
	 (N'0011',N'G0013',N'2020-9-A',N'Pendidikan Agama',1,'2022-10-12',N'A'),
	 (N'0011',N'G0015',N'2020-9-A',N'PJOK',1,'2022-10-06',N'H'),
	 (N'0011',N'G0015',N'2020-9-A',N'PJOK',1,'2022-10-13',N'H'),
	 (N'0011',N'G0017',N'2020-9-A',N'Seni dan Prakarya',1,'2022-10-06',N'H'),
	 (N'0011',N'G0017',N'2020-9-A',N'Seni dan Prakarya',1,'2022-10-13',N'H'),
	 (N'0011',N'G0019',N'2020-9-A',N'Informatika',1,'2022-10-07',N'A'),
	 (N'0011',N'G0019',N'2020-9-A',N'Informatika',1,'2022-10-14',N'H');
INSERT INTO SEKOLAH.dbo.PRESENSI (NisSiswa,KdGuru,KdKelas,NamaMapel,Semester,Tanggal,Status) VALUES
	 (N'0012',N'G0001',N'2020-9-A',N'Bahasa Indonesia',1,'2022-10-03',N'H'),
	 (N'0012',N'G0001',N'2020-9-A',N'Bahasa Indonesia',1,'2022-10-10',N'H'),
	 (N'0012',N'G0003',N'2020-9-A',N'Bahasa Inggris',1,'2022-10-03',N'H'),
	 (N'0012',N'G0003',N'2020-9-A',N'Bahasa Inggris',1,'2022-10-10',N'H'),
	 (N'0012',N'G0005',N'2020-9-A',N'Matematika',1,'2022-10-03',N'H'),
	 (N'0012',N'G0005',N'2020-9-A',N'Matematika',1,'2022-10-10',N'H'),
	 (N'0012',N'G0007',N'2020-9-A',N'IPA',1,'2022-10-04',N'H'),
	 (N'0012',N'G0007',N'2020-9-A',N'IPA',1,'2022-10-11',N'H'),
	 (N'0012',N'G0009',N'2020-9-A',N'IPS',1,'2022-10-04',N'H'),
	 (N'0012',N'G0009',N'2020-9-A',N'IPS',1,'2022-10-11',N'H');
INSERT INTO SEKOLAH.dbo.PRESENSI (NisSiswa,KdGuru,KdKelas,NamaMapel,Semester,Tanggal,Status) VALUES
	 (N'0012',N'G0011',N'2020-9-A',N'Pendidikan Pancasila dan Kewarganegaraan',1,'2022-10-05',N'H'),
	 (N'0012',N'G0011',N'2020-9-A',N'Pendidikan Pancasila dan Kewarganegaraan',1,'2022-10-12',N'H'),
	 (N'0012',N'G0013',N'2020-9-A',N'Pendidikan Agama',1,'2022-10-05',N'H'),
	 (N'0012',N'G0013',N'2020-9-A',N'Pendidikan Agama',1,'2022-10-12',N'H'),
	 (N'0012',N'G0015',N'2020-9-A',N'PJOK',1,'2022-10-06',N'H'),
	 (N'0012',N'G0015',N'2020-9-A',N'PJOK',1,'2022-10-13',N'H'),
	 (N'0012',N'G0017',N'2020-9-A',N'Seni dan Prakarya',1,'2022-10-06',N'H'),
	 (N'0012',N'G0017',N'2020-9-A',N'Seni dan Prakarya',1,'2022-10-13',N'H'),
	 (N'0012',N'G0019',N'2020-9-A',N'Informatika',1,'2022-10-07',N'H'),
	 (N'0012',N'G0019',N'2020-9-A',N'Informatika',1,'2022-10-14',N'H');
INSERT INTO SEKOLAH.dbo.PRESENSI (NisSiswa,KdGuru,KdKelas,NamaMapel,Semester,Tanggal,Status) VALUES
	 (N'0013',N'G0001',N'2020-9-A',N'Bahasa Indonesia',1,'2022-10-03',N'H'),
	 (N'0013',N'G0001',N'2020-9-A',N'Bahasa Indonesia',1,'2022-10-10',N'H'),
	 (N'0013',N'G0003',N'2020-9-A',N'Bahasa Inggris',1,'2022-10-03',N'H'),
	 (N'0013',N'G0003',N'2020-9-A',N'Bahasa Inggris',1,'2022-10-10',N'H'),
	 (N'0013',N'G0005',N'2020-9-A',N'Matematika',1,'2022-10-03',N'H'),
	 (N'0013',N'G0005',N'2020-9-A',N'Matematika',1,'2022-10-10',N'H'),
	 (N'0013',N'G0007',N'2020-9-A',N'IPA',1,'2022-10-04',N'H'),
	 (N'0013',N'G0007',N'2020-9-A',N'IPA',1,'2022-10-11',N'H'),
	 (N'0013',N'G0009',N'2020-9-A',N'IPS',1,'2022-10-04',N'H'),
	 (N'0013',N'G0009',N'2020-9-A',N'IPS',1,'2022-10-11',N'H');
INSERT INTO SEKOLAH.dbo.PRESENSI (NisSiswa,KdGuru,KdKelas,NamaMapel,Semester,Tanggal,Status) VALUES
	 (N'0013',N'G0011',N'2020-9-A',N'Pendidikan Pancasila dan Kewarganegaraan',1,'2022-10-05',N'H'),
	 (N'0013',N'G0011',N'2020-9-A',N'Pendidikan Pancasila dan Kewarganegaraan',1,'2022-10-12',N'H'),
	 (N'0013',N'G0013',N'2020-9-A',N'Pendidikan Agama',1,'2022-10-05',N'H'),
	 (N'0013',N'G0013',N'2020-9-A',N'Pendidikan Agama',1,'2022-10-12',N'H'),
	 (N'0013',N'G0015',N'2020-9-A',N'PJOK',1,'2022-10-06',N'H'),
	 (N'0013',N'G0015',N'2020-9-A',N'PJOK',1,'2022-10-13',N'H'),
	 (N'0013',N'G0017',N'2020-9-A',N'Seni dan Prakarya',1,'2022-10-06',N'H'),
	 (N'0013',N'G0017',N'2020-9-A',N'Seni dan Prakarya',1,'2022-10-13',N'H'),
	 (N'0013',N'G0019',N'2020-9-A',N'Informatika',1,'2022-10-07',N'H'),
	 (N'0013',N'G0019',N'2020-9-A',N'Informatika',1,'2022-10-14',N'H');
INSERT INTO SEKOLAH.dbo.PRESENSI (NisSiswa,KdGuru,KdKelas,NamaMapel,Semester,Tanggal,Status) VALUES
	 (N'0014',N'G0001',N'2020-9-B',N'Bahasa Indonesia',1,'2022-10-03',N'S'),
	 (N'0014',N'G0001',N'2020-9-B',N'Bahasa Indonesia',1,'2022-10-10',N'H'),
	 (N'0014',N'G0003',N'2020-9-B',N'Bahasa Inggris',1,'2022-10-03',N'H'),
	 (N'0014',N'G0003',N'2020-9-B',N'Bahasa Inggris',1,'2022-10-10',N'H'),
	 (N'0014',N'G0005',N'2020-9-B',N'Matematika',1,'2022-10-03',N'H'),
	 (N'0014',N'G0005',N'2020-9-B',N'Matematika',1,'2022-10-10',N'S'),
	 (N'0014',N'G0007',N'2020-9-B',N'IPA',1,'2022-10-04',N'H'),
	 (N'0014',N'G0007',N'2020-9-B',N'IPA',1,'2022-10-11',N'H'),
	 (N'0014',N'G0009',N'2020-9-B',N'IPS',1,'2022-10-04',N'H'),
	 (N'0014',N'G0009',N'2020-9-B',N'IPS',1,'2022-10-11',N'H');
INSERT INTO SEKOLAH.dbo.PRESENSI (NisSiswa,KdGuru,KdKelas,NamaMapel,Semester,Tanggal,Status) VALUES
	 (N'0014',N'G0011',N'2020-9-B',N'Pendidikan Pancasila dan Kewarganegaraan',1,'2022-10-05',N'S'),
	 (N'0014',N'G0011',N'2020-9-B',N'Pendidikan Pancasila dan Kewarganegaraan',1,'2022-10-12',N'H'),
	 (N'0014',N'G0013',N'2020-9-B',N'Pendidikan Agama',1,'2022-10-05',N'H'),
	 (N'0014',N'G0013',N'2020-9-B',N'Pendidikan Agama',1,'2022-10-12',N'H'),
	 (N'0014',N'G0015',N'2020-9-B',N'PJOK',1,'2022-10-06',N'H'),
	 (N'0014',N'G0015',N'2020-9-B',N'PJOK',1,'2022-10-13',N'S'),
	 (N'0014',N'G0017',N'2020-9-B',N'Seni dan Prakarya',1,'2022-10-06',N'H'),
	 (N'0014',N'G0017',N'2020-9-B',N'Seni dan Prakarya',1,'2022-10-13',N'H'),
	 (N'0014',N'G0019',N'2020-9-B',N'Informatika',1,'2022-10-07',N'H'),
	 (N'0014',N'G0019',N'2020-9-B',N'Informatika',1,'2022-10-14',N'H');
INSERT INTO SEKOLAH.dbo.PRESENSI (NisSiswa,KdGuru,KdKelas,NamaMapel,Semester,Tanggal,Status) VALUES
	 (N'0015',N'G0001',N'2020-9-B',N'Bahasa Indonesia',1,'2022-10-03',N'H'),
	 (N'0015',N'G0001',N'2020-9-B',N'Bahasa Indonesia',1,'2022-10-10',N'A'),
	 (N'0015',N'G0003',N'2020-9-B',N'Bahasa Inggris',1,'2022-10-03',N'H'),
	 (N'0015',N'G0003',N'2020-9-B',N'Bahasa Inggris',1,'2022-10-10',N'H'),
	 (N'0015',N'G0005',N'2020-9-B',N'Matematika',1,'2022-10-03',N'H'),
	 (N'0015',N'G0005',N'2020-9-B',N'Matematika',1,'2022-10-10',N'H'),
	 (N'0015',N'G0007',N'2020-9-B',N'IPA',1,'2022-10-04',N'A'),
	 (N'0015',N'G0007',N'2020-9-B',N'IPA',1,'2022-10-11',N'H'),
	 (N'0015',N'G0009',N'2020-9-B',N'IPS',1,'2022-10-04',N'H'),
	 (N'0015',N'G0009',N'2020-9-B',N'IPS',1,'2022-10-11',N'H');
INSERT INTO SEKOLAH.dbo.PRESENSI (NisSiswa,KdGuru,KdKelas,NamaMapel,Semester,Tanggal,Status) VALUES
	 (N'0015',N'G0011',N'2020-9-B',N'Pendidikan Pancasila dan Kewarganegaraan',1,'2022-10-05',N'H'),
	 (N'0015',N'G0011',N'2020-9-B',N'Pendidikan Pancasila dan Kewarganegaraan',1,'2022-10-12',N'A'),
	 (N'0015',N'G0013',N'2020-9-B',N'Pendidikan Agama',1,'2022-10-05',N'H'),
	 (N'0015',N'G0013',N'2020-9-B',N'Pendidikan Agama',1,'2022-10-12',N'H'),
	 (N'0015',N'G0015',N'2020-9-B',N'PJOK',1,'2022-10-06',N'H'),
	 (N'0015',N'G0015',N'2020-9-B',N'PJOK',1,'2022-10-13',N'H'),
	 (N'0015',N'G0017',N'2020-9-B',N'Seni dan Prakarya',1,'2022-10-06',N'A'),
	 (N'0015',N'G0017',N'2020-9-B',N'Seni dan Prakarya',1,'2022-10-13',N'H'),
	 (N'0015',N'G0019',N'2020-9-B',N'Informatika',1,'2022-10-07',N'H'),
	 (N'0015',N'G0019',N'2020-9-B',N'Informatika',1,'2022-10-14',N'H');
INSERT INTO SEKOLAH.dbo.PRESENSI (NisSiswa,KdGuru,KdKelas,NamaMapel,Semester,Tanggal,Status) VALUES
	 (N'0016',N'G0001',N'2020-9-B',N'Bahasa Indonesia',1,'2022-10-03',N'H'),
	 (N'0016',N'G0001',N'2020-9-B',N'Bahasa Indonesia',1,'2022-10-10',N'H'),
	 (N'0016',N'G0003',N'2020-9-B',N'Bahasa Inggris',1,'2022-10-03',N'H'),
	 (N'0016',N'G0003',N'2020-9-B',N'Bahasa Inggris',1,'2022-10-10',N'H'),
	 (N'0016',N'G0005',N'2020-9-B',N'Matematika',1,'2022-10-03',N'H'),
	 (N'0016',N'G0005',N'2020-9-B',N'Matematika',1,'2022-10-10',N'H'),
	 (N'0016',N'G0007',N'2020-9-B',N'IPA',1,'2022-10-04',N'H'),
	 (N'0016',N'G0007',N'2020-9-B',N'IPA',1,'2022-10-11',N'H'),
	 (N'0016',N'G0009',N'2020-9-B',N'IPS',1,'2022-10-04',N'H'),
	 (N'0016',N'G0009',N'2020-9-B',N'IPS',1,'2022-10-11',N'H');
INSERT INTO SEKOLAH.dbo.PRESENSI (NisSiswa,KdGuru,KdKelas,NamaMapel,Semester,Tanggal,Status) VALUES
	 (N'0016',N'G0011',N'2020-9-B',N'Pendidikan Pancasila dan Kewarganegaraan',1,'2022-10-05',N'H'),
	 (N'0016',N'G0011',N'2020-9-B',N'Pendidikan Pancasila dan Kewarganegaraan',1,'2022-10-12',N'H'),
	 (N'0016',N'G0013',N'2020-9-B',N'Pendidikan Agama',1,'2022-10-05',N'H'),
	 (N'0016',N'G0013',N'2020-9-B',N'Pendidikan Agama',1,'2022-10-12',N'H'),
	 (N'0016',N'G0015',N'2020-9-B',N'PJOK',1,'2022-10-06',N'H'),
	 (N'0016',N'G0015',N'2020-9-B',N'PJOK',1,'2022-10-13',N'H'),
	 (N'0016',N'G0017',N'2020-9-B',N'Seni dan Prakarya',1,'2022-10-06',N'H'),
	 (N'0016',N'G0017',N'2020-9-B',N'Seni dan Prakarya',1,'2022-10-13',N'H'),
	 (N'0016',N'G0019',N'2020-9-B',N'Informatika',1,'2022-10-07',N'H'),
	 (N'0016',N'G0019',N'2020-9-B',N'Informatika',1,'2022-10-14',N'H');
INSERT INTO SEKOLAH.dbo.PRESENSI (NisSiswa,KdGuru,KdKelas,NamaMapel,Semester,Tanggal,Status) VALUES
	 (N'0017',N'G0001',N'2020-9-B',N'Bahasa Indonesia',1,'2022-10-03',N'H'),
	 (N'0017',N'G0001',N'2020-9-B',N'Bahasa Indonesia',1,'2022-10-10',N'H'),
	 (N'0017',N'G0003',N'2020-9-B',N'Bahasa Inggris',1,'2022-10-03',N'H'),
	 (N'0017',N'G0003',N'2020-9-B',N'Bahasa Inggris',1,'2022-10-10',N'H'),
	 (N'0017',N'G0005',N'2020-9-B',N'Matematika',1,'2022-10-03',N'H'),
	 (N'0017',N'G0005',N'2020-9-B',N'Matematika',1,'2022-10-10',N'H'),
	 (N'0017',N'G0007',N'2020-9-B',N'IPA',1,'2022-10-04',N'H'),
	 (N'0017',N'G0007',N'2020-9-B',N'IPA',1,'2022-10-11',N'H'),
	 (N'0017',N'G0009',N'2020-9-B',N'IPS',1,'2022-10-04',N'H'),
	 (N'0017',N'G0009',N'2020-9-B',N'IPS',1,'2022-10-11',N'H');
INSERT INTO SEKOLAH.dbo.PRESENSI (NisSiswa,KdGuru,KdKelas,NamaMapel,Semester,Tanggal,Status) VALUES
	 (N'0017',N'G0011',N'2020-9-B',N'Pendidikan Pancasila dan Kewarganegaraan',1,'2022-10-05',N'H'),
	 (N'0017',N'G0011',N'2020-9-B',N'Pendidikan Pancasila dan Kewarganegaraan',1,'2022-10-12',N'H'),
	 (N'0017',N'G0013',N'2020-9-B',N'Pendidikan Agama',1,'2022-10-05',N'H'),
	 (N'0017',N'G0013',N'2020-9-B',N'Pendidikan Agama',1,'2022-10-12',N'H'),
	 (N'0017',N'G0015',N'2020-9-B',N'PJOK',1,'2022-10-06',N'H'),
	 (N'0017',N'G0015',N'2020-9-B',N'PJOK',1,'2022-10-13',N'H'),
	 (N'0017',N'G0017',N'2020-9-B',N'Seni dan Prakarya',1,'2022-10-06',N'H'),
	 (N'0017',N'G0017',N'2020-9-B',N'Seni dan Prakarya',1,'2022-10-13',N'H'),
	 (N'0017',N'G0019',N'2020-9-B',N'Informatika',1,'2022-10-07',N'H'),
	 (N'0017',N'G0019',N'2020-9-B',N'Informatika',1,'2022-10-14',N'H');
INSERT INTO SEKOLAH.dbo.PRESENSI (NisSiswa,KdGuru,KdKelas,NamaMapel,Semester,Tanggal,Status) VALUES
	 (N'0018',N'G0001',N'2020-9-C',N'Bahasa Indonesia',1,'2022-10-03',N'H'),
	 (N'0018',N'G0001',N'2020-9-C',N'Bahasa Indonesia',1,'2022-10-10',N'H'),
	 (N'0018',N'G0003',N'2020-9-C',N'Bahasa Inggris',1,'2022-10-03',N'H'),
	 (N'0018',N'G0003',N'2020-9-C',N'Bahasa Inggris',1,'2022-10-10',N'S'),
	 (N'0018',N'G0005',N'2020-9-C',N'Matematika',1,'2022-10-03',N'H'),
	 (N'0018',N'G0005',N'2020-9-C',N'Matematika',1,'2022-10-10',N'H'),
	 (N'0018',N'G0007',N'2020-9-C',N'IPA',1,'2022-10-04',N'H'),
	 (N'0018',N'G0007',N'2020-9-C',N'IPA',1,'2022-10-11',N'H'),
	 (N'0018',N'G0009',N'2020-9-C',N'IPS',1,'2022-10-04',N'S'),
	 (N'0018',N'G0009',N'2020-9-C',N'IPS',1,'2022-10-11',N'H');
INSERT INTO SEKOLAH.dbo.PRESENSI (NisSiswa,KdGuru,KdKelas,NamaMapel,Semester,Tanggal,Status) VALUES
	 (N'0018',N'G0011',N'2020-9-C',N'Pendidikan Pancasila dan Kewarganegaraan',1,'2022-10-05',N'H'),
	 (N'0018',N'G0011',N'2020-9-C',N'Pendidikan Pancasila dan Kewarganegaraan',1,'2022-10-12',N'H'),
	 (N'0018',N'G0013',N'2020-9-C',N'Pendidikan Agama',1,'2022-10-05',N'H'),
	 (N'0018',N'G0013',N'2020-9-C',N'Pendidikan Agama',1,'2022-10-12',N'S'),
	 (N'0018',N'G0015',N'2020-9-C',N'PJOK',1,'2022-10-06',N'H'),
	 (N'0018',N'G0015',N'2020-9-C',N'PJOK',1,'2022-10-13',N'H'),
	 (N'0018',N'G0017',N'2020-9-C',N'Seni dan Prakarya',1,'2022-10-06',N'H'),
	 (N'0018',N'G0017',N'2020-9-C',N'Seni dan Prakarya',1,'2022-10-13',N'H'),
	 (N'0018',N'G0019',N'2020-9-C',N'Informatika',1,'2022-10-07',N'S'),
	 (N'0018',N'G0019',N'2020-9-C',N'Informatika',1,'2022-10-14',N'H');
INSERT INTO SEKOLAH.dbo.PRESENSI (NisSiswa,KdGuru,KdKelas,NamaMapel,Semester,Tanggal,Status) VALUES
	 (N'0019',N'G0001',N'2020-9-C',N'Bahasa Indonesia',1,'2022-10-03',N'H'),
	 (N'0019',N'G0001',N'2020-9-C',N'Bahasa Indonesia',1,'2022-10-10',N'H'),
	 (N'0019',N'G0003',N'2020-9-C',N'Bahasa Inggris',1,'2022-10-03',N'H'),
	 (N'0019',N'G0003',N'2020-9-C',N'Bahasa Inggris',1,'2022-10-10',N'H'),
	 (N'0019',N'G0005',N'2020-9-C',N'Matematika',1,'2022-10-03',N'A'),
	 (N'0019',N'G0005',N'2020-9-C',N'Matematika',1,'2022-10-10',N'H'),
	 (N'0019',N'G0007',N'2020-9-C',N'IPA',1,'2022-10-04',N'H'),
	 (N'0019',N'G0007',N'2020-9-C',N'IPA',1,'2022-10-11',N'H'),
	 (N'0019',N'G0009',N'2020-9-C',N'IPS',1,'2022-10-04',N'H'),
	 (N'0019',N'G0009',N'2020-9-C',N'IPS',1,'2022-10-11',N'A');
INSERT INTO SEKOLAH.dbo.PRESENSI (NisSiswa,KdGuru,KdKelas,NamaMapel,Semester,Tanggal,Status) VALUES
	 (N'0019',N'G0011',N'2020-9-C',N'Pendidikan Pancasila dan Kewarganegaraan',1,'2022-10-05',N'H'),
	 (N'0019',N'G0011',N'2020-9-C',N'Pendidikan Pancasila dan Kewarganegaraan',1,'2022-10-12',N'H'),
	 (N'0019',N'G0013',N'2020-9-C',N'Pendidikan Agama',1,'2022-10-05',N'H'),
	 (N'0019',N'G0013',N'2020-9-C',N'Pendidikan Agama',1,'2022-10-12',N'H'),
	 (N'0019',N'G0015',N'2020-9-C',N'PJOK',1,'2022-10-06',N'A'),
	 (N'0019',N'G0015',N'2020-9-C',N'PJOK',1,'2022-10-13',N'H'),
	 (N'0019',N'G0017',N'2020-9-C',N'Seni dan Prakarya',1,'2022-10-06',N'H'),
	 (N'0019',N'G0017',N'2020-9-C',N'Seni dan Prakarya',1,'2022-10-13',N'H'),
	 (N'0019',N'G0019',N'2020-9-C',N'Informatika',1,'2022-10-07',N'H'),
	 (N'0019',N'G0019',N'2020-9-C',N'Informatika',1,'2022-10-14',N'A');
INSERT INTO SEKOLAH.dbo.PRESENSI (NisSiswa,KdGuru,KdKelas,NamaMapel,Semester,Tanggal,Status) VALUES
	 (N'0020',N'G0001',N'2020-9-C',N'Bahasa Indonesia',1,'2022-10-03',N'H'),
	 (N'0020',N'G0001',N'2020-9-C',N'Bahasa Indonesia',1,'2022-10-10',N'H'),
	 (N'0020',N'G0003',N'2020-9-C',N'Bahasa Inggris',1,'2022-10-03',N'H'),
	 (N'0020',N'G0003',N'2020-9-C',N'Bahasa Inggris',1,'2022-10-10',N'H'),
	 (N'0020',N'G0005',N'2020-9-C',N'Matematika',1,'2022-10-03',N'H'),
	 (N'0020',N'G0005',N'2020-9-C',N'Matematika',1,'2022-10-10',N'H'),
	 (N'0020',N'G0007',N'2020-9-C',N'IPA',1,'2022-10-04',N'H'),
	 (N'0020',N'G0007',N'2020-9-C',N'IPA',1,'2022-10-11',N'H'),
	 (N'0020',N'G0009',N'2020-9-C',N'IPS',1,'2022-10-04',N'H'),
	 (N'0020',N'G0009',N'2020-9-C',N'IPS',1,'2022-10-11',N'H');
INSERT INTO SEKOLAH.dbo.PRESENSI (NisSiswa,KdGuru,KdKelas,NamaMapel,Semester,Tanggal,Status) VALUES
	 (N'0020',N'G0011',N'2020-9-C',N'Pendidikan Pancasila dan Kewarganegaraan',1,'2022-10-05',N'H'),
	 (N'0020',N'G0011',N'2020-9-C',N'Pendidikan Pancasila dan Kewarganegaraan',1,'2022-10-12',N'H'),
	 (N'0020',N'G0013',N'2020-9-C',N'Pendidikan Agama',1,'2022-10-05',N'H'),
	 (N'0020',N'G0013',N'2020-9-C',N'Pendidikan Agama',1,'2022-10-12',N'H'),
	 (N'0020',N'G0015',N'2020-9-C',N'PJOK',1,'2022-10-06',N'H'),
	 (N'0020',N'G0015',N'2020-9-C',N'PJOK',1,'2022-10-13',N'H'),
	 (N'0020',N'G0017',N'2020-9-C',N'Seni dan Prakarya',1,'2022-10-06',N'H'),
	 (N'0020',N'G0017',N'2020-9-C',N'Seni dan Prakarya',1,'2022-10-13',N'H'),
	 (N'0020',N'G0019',N'2020-9-C',N'Informatika',1,'2022-10-07',N'H'),
	 (N'0020',N'G0019',N'2020-9-C',N'Informatika',1,'2022-10-14',N'H');
INSERT INTO SEKOLAH.dbo.PRESENSI (NisSiswa,KdGuru,KdKelas,NamaMapel,Semester,Tanggal,Status) VALUES
	 (N'0021',N'G0001',N'2020-9-C',N'Bahasa Indonesia',1,'2022-10-03',N'H'),
	 (N'0021',N'G0001',N'2020-9-C',N'Bahasa Indonesia',1,'2022-10-10',N'H'),
	 (N'0021',N'G0003',N'2020-9-C',N'Bahasa Inggris',1,'2022-10-03',N'H'),
	 (N'0021',N'G0003',N'2020-9-C',N'Bahasa Inggris',1,'2022-10-10',N'H'),
	 (N'0021',N'G0005',N'2020-9-C',N'Matematika',1,'2022-10-03',N'H'),
	 (N'0021',N'G0005',N'2020-9-C',N'Matematika',1,'2022-10-10',N'H'),
	 (N'0021',N'G0007',N'2020-9-C',N'IPA',1,'2022-10-04',N'H'),
	 (N'0021',N'G0007',N'2020-9-C',N'IPA',1,'2022-10-11',N'H'),
	 (N'0021',N'G0009',N'2020-9-C',N'IPS',1,'2022-10-04',N'H'),
	 (N'0021',N'G0009',N'2020-9-C',N'IPS',1,'2022-10-11',N'H');
INSERT INTO SEKOLAH.dbo.PRESENSI (NisSiswa,KdGuru,KdKelas,NamaMapel,Semester,Tanggal,Status) VALUES
	 (N'0021',N'G0011',N'2020-9-C',N'Pendidikan Pancasila dan Kewarganegaraan',1,'2022-10-05',N'H'),
	 (N'0021',N'G0011',N'2020-9-C',N'Pendidikan Pancasila dan Kewarganegaraan',1,'2022-10-12',N'H'),
	 (N'0021',N'G0013',N'2020-9-C',N'Pendidikan Agama',1,'2022-10-05',N'H'),
	 (N'0021',N'G0013',N'2020-9-C',N'Pendidikan Agama',1,'2022-10-12',N'H'),
	 (N'0021',N'G0015',N'2020-9-C',N'PJOK',1,'2022-10-06',N'H'),
	 (N'0021',N'G0015',N'2020-9-C',N'PJOK',1,'2022-10-13',N'H'),
	 (N'0021',N'G0017',N'2020-9-C',N'Seni dan Prakarya',1,'2022-10-06',N'H'),
	 (N'0021',N'G0017',N'2020-9-C',N'Seni dan Prakarya',1,'2022-10-13',N'H'),
	 (N'0021',N'G0019',N'2020-9-C',N'Informatika',1,'2022-10-07',N'H'),
	 (N'0021',N'G0019',N'2020-9-C',N'Informatika',1,'2022-10-14',N'H');
	

INSERT INTO SEKOLAH.dbo.NILAITUGAS (NisSiswa,KdGuru,KdKelas,NamaMapel,Semester,TugasKe,Nilai) VALUES
	 (N'0010',N'G0001',N'2020-9-A',N'Bahasa Indonesia',1,1,74),
	 (N'0010',N'G0001',N'2020-9-A',N'Bahasa Indonesia',1,2,97),
	 (N'0010',N'G0003',N'2020-9-A',N'Bahasa Inggris',1,1,60),
	 (N'0010',N'G0003',N'2020-9-A',N'Bahasa Inggris',1,2,63),
	 (N'0010',N'G0005',N'2020-9-A',N'Matematika',1,1,100),
	 (N'0010',N'G0005',N'2020-9-A',N'Matematika',1,2,79),
	 (N'0010',N'G0007',N'2020-9-A',N'IPA',1,1,89),
	 (N'0010',N'G0007',N'2020-9-A',N'IPA',1,2,97),
	 (N'0010',N'G0009',N'2020-9-A',N'IPS',1,1,82),
	 (N'0010',N'G0009',N'2020-9-A',N'IPS',1,2,76);
INSERT INTO SEKOLAH.dbo.NILAITUGAS (NisSiswa,KdGuru,KdKelas,NamaMapel,Semester,TugasKe,Nilai) VALUES
	 (N'0010',N'G0011',N'2020-9-A',N'Pendidikan Pancasila dan Kewarganegaraan',1,1,60),
	 (N'0010',N'G0011',N'2020-9-A',N'Pendidikan Pancasila dan Kewarganegaraan',1,2,63),
	 (N'0010',N'G0013',N'2020-9-A',N'Pendidikan Agama',1,1,81),
	 (N'0010',N'G0013',N'2020-9-A',N'Pendidikan Agama',1,2,74),
	 (N'0010',N'G0015',N'2020-9-A',N'PJOK',1,1,98),
	 (N'0010',N'G0015',N'2020-9-A',N'PJOK',1,2,72),
	 (N'0010',N'G0017',N'2020-9-A',N'Seni dan Prakarya',1,1,84),
	 (N'0010',N'G0017',N'2020-9-A',N'Seni dan Prakarya',1,2,72),
	 (N'0010',N'G0019',N'2020-9-A',N'Informatika',1,1,63),
	 (N'0010',N'G0019',N'2020-9-A',N'Informatika',1,2,96);
INSERT INTO SEKOLAH.dbo.NILAITUGAS (NisSiswa,KdGuru,KdKelas,NamaMapel,Semester,TugasKe,Nilai) VALUES
	 (N'0011',N'G0001',N'2020-9-A',N'Bahasa Indonesia',1,1,90),
	 (N'0011',N'G0001',N'2020-9-A',N'Bahasa Indonesia',1,2,89),
	 (N'0011',N'G0003',N'2020-9-A',N'Bahasa Inggris',1,1,97),
	 (N'0011',N'G0003',N'2020-9-A',N'Bahasa Inggris',1,2,82),
	 (N'0011',N'G0005',N'2020-9-A',N'Matematika',1,1,91),
	 (N'0011',N'G0005',N'2020-9-A',N'Matematika',1,2,65),
	 (N'0011',N'G0007',N'2020-9-A',N'IPA',1,1,64),
	 (N'0011',N'G0007',N'2020-9-A',N'IPA',1,2,94),
	 (N'0011',N'G0009',N'2020-9-A',N'IPS',1,1,96),
	 (N'0011',N'G0009',N'2020-9-A',N'IPS',1,2,65);
INSERT INTO SEKOLAH.dbo.NILAITUGAS (NisSiswa,KdGuru,KdKelas,NamaMapel,Semester,TugasKe,Nilai) VALUES
	 (N'0011',N'G0011',N'2020-9-A',N'Pendidikan Pancasila dan Kewarganegaraan',1,1,91),
	 (N'0011',N'G0011',N'2020-9-A',N'Pendidikan Pancasila dan Kewarganegaraan',1,2,80),
	 (N'0011',N'G0013',N'2020-9-A',N'Pendidikan Agama',1,1,92),
	 (N'0011',N'G0013',N'2020-9-A',N'Pendidikan Agama',1,2,78),
	 (N'0011',N'G0015',N'2020-9-A',N'PJOK',1,1,79),
	 (N'0011',N'G0015',N'2020-9-A',N'PJOK',1,2,84),
	 (N'0011',N'G0017',N'2020-9-A',N'Seni dan Prakarya',1,1,72),
	 (N'0011',N'G0017',N'2020-9-A',N'Seni dan Prakarya',1,2,75),
	 (N'0011',N'G0019',N'2020-9-A',N'Informatika',1,1,78),
	 (N'0011',N'G0019',N'2020-9-A',N'Informatika',1,2,61);
INSERT INTO SEKOLAH.dbo.NILAITUGAS (NisSiswa,KdGuru,KdKelas,NamaMapel,Semester,TugasKe,Nilai) VALUES
	 (N'0012',N'G0001',N'2020-9-A',N'Bahasa Indonesia',1,1,86),
	 (N'0012',N'G0001',N'2020-9-A',N'Bahasa Indonesia',1,2,95),
	 (N'0012',N'G0003',N'2020-9-A',N'Bahasa Inggris',1,1,91),
	 (N'0012',N'G0003',N'2020-9-A',N'Bahasa Inggris',1,2,83),
	 (N'0012',N'G0005',N'2020-9-A',N'Matematika',1,1,78),
	 (N'0012',N'G0005',N'2020-9-A',N'Matematika',1,2,99),
	 (N'0012',N'G0007',N'2020-9-A',N'IPA',1,1,63),
	 (N'0012',N'G0007',N'2020-9-A',N'IPA',1,2,74),
	 (N'0012',N'G0009',N'2020-9-A',N'IPS',1,1,98),
	 (N'0012',N'G0009',N'2020-9-A',N'IPS',1,2,61);
INSERT INTO SEKOLAH.dbo.NILAITUGAS (NisSiswa,KdGuru,KdKelas,NamaMapel,Semester,TugasKe,Nilai) VALUES
	 (N'0012',N'G0011',N'2020-9-A',N'Pendidikan Pancasila dan Kewarganegaraan',1,1,90),
	 (N'0012',N'G0011',N'2020-9-A',N'Pendidikan Pancasila dan Kewarganegaraan',1,2,96),
	 (N'0012',N'G0013',N'2020-9-A',N'Pendidikan Agama',1,1,90),
	 (N'0012',N'G0013',N'2020-9-A',N'Pendidikan Agama',1,2,86),
	 (N'0012',N'G0015',N'2020-9-A',N'PJOK',1,1,77),
	 (N'0012',N'G0015',N'2020-9-A',N'PJOK',1,2,94),
	 (N'0012',N'G0017',N'2020-9-A',N'Seni dan Prakarya',1,1,61),
	 (N'0012',N'G0017',N'2020-9-A',N'Seni dan Prakarya',1,2,95),
	 (N'0012',N'G0019',N'2020-9-A',N'Informatika',1,1,88),
	 (N'0012',N'G0019',N'2020-9-A',N'Informatika',1,2,64);
INSERT INTO SEKOLAH.dbo.NILAITUGAS (NisSiswa,KdGuru,KdKelas,NamaMapel,Semester,TugasKe,Nilai) VALUES
	 (N'0013',N'G0001',N'2020-9-A',N'Bahasa Indonesia',1,1,93),
	 (N'0013',N'G0001',N'2020-9-A',N'Bahasa Indonesia',1,2,68),
	 (N'0013',N'G0003',N'2020-9-A',N'Bahasa Inggris',1,1,83),
	 (N'0013',N'G0003',N'2020-9-A',N'Bahasa Inggris',1,2,81),
	 (N'0013',N'G0005',N'2020-9-A',N'Matematika',1,1,98),
	 (N'0013',N'G0005',N'2020-9-A',N'Matematika',1,2,97),
	 (N'0013',N'G0007',N'2020-9-A',N'IPA',1,1,92),
	 (N'0013',N'G0007',N'2020-9-A',N'IPA',1,2,66),
	 (N'0013',N'G0009',N'2020-9-A',N'IPS',1,1,99),
	 (N'0013',N'G0009',N'2020-9-A',N'IPS',1,2,91);
INSERT INTO SEKOLAH.dbo.NILAITUGAS (NisSiswa,KdGuru,KdKelas,NamaMapel,Semester,TugasKe,Nilai) VALUES
	 (N'0013',N'G0011',N'2020-9-A',N'Pendidikan Pancasila dan Kewarganegaraan',1,1,85),
	 (N'0013',N'G0011',N'2020-9-A',N'Pendidikan Pancasila dan Kewarganegaraan',1,2,78),
	 (N'0013',N'G0013',N'2020-9-A',N'Pendidikan Agama',1,1,79),
	 (N'0013',N'G0013',N'2020-9-A',N'Pendidikan Agama',1,2,72),
	 (N'0013',N'G0015',N'2020-9-A',N'PJOK',1,1,84),
	 (N'0013',N'G0015',N'2020-9-A',N'PJOK',1,2,60),
	 (N'0013',N'G0017',N'2020-9-A',N'Seni dan Prakarya',1,1,95),
	 (N'0013',N'G0017',N'2020-9-A',N'Seni dan Prakarya',1,2,93),
	 (N'0013',N'G0019',N'2020-9-A',N'Informatika',1,1,73),
	 (N'0013',N'G0019',N'2020-9-A',N'Informatika',1,2,74);
INSERT INTO SEKOLAH.dbo.NILAITUGAS (NisSiswa,KdGuru,KdKelas,NamaMapel,Semester,TugasKe,Nilai) VALUES
	 (N'0014',N'G0001',N'2020-9-B',N'Bahasa Indonesia',1,1,87),
	 (N'0014',N'G0001',N'2020-9-B',N'Bahasa Indonesia',1,2,64),
	 (N'0014',N'G0003',N'2020-9-B',N'Bahasa Inggris',1,1,65),
	 (N'0014',N'G0003',N'2020-9-B',N'Bahasa Inggris',1,2,69),
	 (N'0014',N'G0005',N'2020-9-B',N'Matematika',1,1,97),
	 (N'0014',N'G0005',N'2020-9-B',N'Matematika',1,2,93),
	 (N'0014',N'G0007',N'2020-9-B',N'IPA',1,1,98),
	 (N'0014',N'G0007',N'2020-9-B',N'IPA',1,2,88),
	 (N'0014',N'G0009',N'2020-9-B',N'IPS',1,1,60),
	 (N'0014',N'G0009',N'2020-9-B',N'IPS',1,2,80);
INSERT INTO SEKOLAH.dbo.NILAITUGAS (NisSiswa,KdGuru,KdKelas,NamaMapel,Semester,TugasKe,Nilai) VALUES
	 (N'0014',N'G0011',N'2020-9-B',N'Pendidikan Pancasila dan Kewarganegaraan',1,1,98),
	 (N'0014',N'G0011',N'2020-9-B',N'Pendidikan Pancasila dan Kewarganegaraan',1,2,93),
	 (N'0014',N'G0013',N'2020-9-B',N'Pendidikan Agama',1,1,67),
	 (N'0014',N'G0013',N'2020-9-B',N'Pendidikan Agama',1,2,95),
	 (N'0014',N'G0015',N'2020-9-B',N'PJOK',1,1,86),
	 (N'0014',N'G0015',N'2020-9-B',N'PJOK',1,2,82),
	 (N'0014',N'G0017',N'2020-9-B',N'Seni dan Prakarya',1,1,89),
	 (N'0014',N'G0017',N'2020-9-B',N'Seni dan Prakarya',1,2,61),
	 (N'0014',N'G0019',N'2020-9-B',N'Informatika',1,1,84),
	 (N'0014',N'G0019',N'2020-9-B',N'Informatika',1,2,77);
INSERT INTO SEKOLAH.dbo.NILAITUGAS (NisSiswa,KdGuru,KdKelas,NamaMapel,Semester,TugasKe,Nilai) VALUES
	 (N'0015',N'G0001',N'2020-9-B',N'Bahasa Indonesia',1,1,75),
	 (N'0015',N'G0001',N'2020-9-B',N'Bahasa Indonesia',1,2,74),
	 (N'0015',N'G0003',N'2020-9-B',N'Bahasa Inggris',1,1,69),
	 (N'0015',N'G0003',N'2020-9-B',N'Bahasa Inggris',1,2,83),
	 (N'0015',N'G0005',N'2020-9-B',N'Matematika',1,1,98),
	 (N'0015',N'G0005',N'2020-9-B',N'Matematika',1,2,84),
	 (N'0015',N'G0007',N'2020-9-B',N'IPA',1,1,99),
	 (N'0015',N'G0007',N'2020-9-B',N'IPA',1,2,70),
	 (N'0015',N'G0009',N'2020-9-B',N'IPS',1,1,97),
	 (N'0015',N'G0009',N'2020-9-B',N'IPS',1,2,68);
INSERT INTO SEKOLAH.dbo.NILAITUGAS (NisSiswa,KdGuru,KdKelas,NamaMapel,Semester,TugasKe,Nilai) VALUES
	 (N'0015',N'G0011',N'2020-9-B',N'Pendidikan Pancasila dan Kewarganegaraan',1,1,76),
	 (N'0015',N'G0011',N'2020-9-B',N'Pendidikan Pancasila dan Kewarganegaraan',1,2,90),
	 (N'0015',N'G0013',N'2020-9-B',N'Pendidikan Agama',1,1,94),
	 (N'0015',N'G0013',N'2020-9-B',N'Pendidikan Agama',1,2,75),
	 (N'0015',N'G0015',N'2020-9-B',N'PJOK',1,1,93),
	 (N'0015',N'G0015',N'2020-9-B',N'PJOK',1,2,60),
	 (N'0015',N'G0017',N'2020-9-B',N'Seni dan Prakarya',1,1,85),
	 (N'0015',N'G0017',N'2020-9-B',N'Seni dan Prakarya',1,2,84),
	 (N'0015',N'G0019',N'2020-9-B',N'Informatika',1,1,94),
	 (N'0015',N'G0019',N'2020-9-B',N'Informatika',1,2,68);
INSERT INTO SEKOLAH.dbo.NILAITUGAS (NisSiswa,KdGuru,KdKelas,NamaMapel,Semester,TugasKe,Nilai) VALUES
	 (N'0016',N'G0001',N'2020-9-B',N'Bahasa Indonesia',1,1,69),
	 (N'0016',N'G0001',N'2020-9-B',N'Bahasa Indonesia',1,2,94),
	 (N'0016',N'G0003',N'2020-9-B',N'Bahasa Inggris',1,1,79),
	 (N'0016',N'G0003',N'2020-9-B',N'Bahasa Inggris',1,2,86),
	 (N'0016',N'G0005',N'2020-9-B',N'Matematika',1,1,75),
	 (N'0016',N'G0005',N'2020-9-B',N'Matematika',1,2,84),
	 (N'0016',N'G0007',N'2020-9-B',N'IPA',1,1,88),
	 (N'0016',N'G0007',N'2020-9-B',N'IPA',1,2,90),
	 (N'0016',N'G0009',N'2020-9-B',N'IPS',1,1,78),
	 (N'0016',N'G0009',N'2020-9-B',N'IPS',1,2,71);
INSERT INTO SEKOLAH.dbo.NILAITUGAS (NisSiswa,KdGuru,KdKelas,NamaMapel,Semester,TugasKe,Nilai) VALUES
	 (N'0016',N'G0011',N'2020-9-B',N'Pendidikan Pancasila dan Kewarganegaraan',1,1,74),
	 (N'0016',N'G0011',N'2020-9-B',N'Pendidikan Pancasila dan Kewarganegaraan',1,2,90),
	 (N'0016',N'G0013',N'2020-9-B',N'Pendidikan Agama',1,1,66),
	 (N'0016',N'G0013',N'2020-9-B',N'Pendidikan Agama',1,2,63),
	 (N'0016',N'G0015',N'2020-9-B',N'PJOK',1,1,78),
	 (N'0016',N'G0015',N'2020-9-B',N'PJOK',1,2,97),
	 (N'0016',N'G0017',N'2020-9-B',N'Seni dan Prakarya',1,1,79),
	 (N'0016',N'G0017',N'2020-9-B',N'Seni dan Prakarya',1,2,86),
	 (N'0016',N'G0019',N'2020-9-B',N'Informatika',1,1,62),
	 (N'0016',N'G0019',N'2020-9-B',N'Informatika',1,2,60);
INSERT INTO SEKOLAH.dbo.NILAITUGAS (NisSiswa,KdGuru,KdKelas,NamaMapel,Semester,TugasKe,Nilai) VALUES
	 (N'0017',N'G0001',N'2020-9-B',N'Bahasa Indonesia',1,1,70),
	 (N'0017',N'G0001',N'2020-9-B',N'Bahasa Indonesia',1,2,60),
	 (N'0017',N'G0003',N'2020-9-B',N'Bahasa Inggris',1,1,78),
	 (N'0017',N'G0003',N'2020-9-B',N'Bahasa Inggris',1,2,63),
	 (N'0017',N'G0005',N'2020-9-B',N'Matematika',1,1,65),
	 (N'0017',N'G0005',N'2020-9-B',N'Matematika',1,2,97),
	 (N'0017',N'G0007',N'2020-9-B',N'IPA',1,1,60),
	 (N'0017',N'G0007',N'2020-9-B',N'IPA',1,2,90),
	 (N'0017',N'G0009',N'2020-9-B',N'IPS',1,1,82),
	 (N'0017',N'G0009',N'2020-9-B',N'IPS',1,2,89);
INSERT INTO SEKOLAH.dbo.NILAITUGAS (NisSiswa,KdGuru,KdKelas,NamaMapel,Semester,TugasKe,Nilai) VALUES
	 (N'0017',N'G0011',N'2020-9-B',N'Pendidikan Pancasila dan Kewarganegaraan',1,1,65),
	 (N'0017',N'G0011',N'2020-9-B',N'Pendidikan Pancasila dan Kewarganegaraan',1,2,71),
	 (N'0017',N'G0013',N'2020-9-B',N'Pendidikan Agama',1,1,93),
	 (N'0017',N'G0013',N'2020-9-B',N'Pendidikan Agama',1,2,68),
	 (N'0017',N'G0015',N'2020-9-B',N'PJOK',1,1,75),
	 (N'0017',N'G0015',N'2020-9-B',N'PJOK',1,2,97),
	 (N'0017',N'G0017',N'2020-9-B',N'Seni dan Prakarya',1,1,92),
	 (N'0017',N'G0017',N'2020-9-B',N'Seni dan Prakarya',1,2,69),
	 (N'0017',N'G0019',N'2020-9-B',N'Informatika',1,1,64),
	 (N'0017',N'G0019',N'2020-9-B',N'Informatika',1,2,83);
INSERT INTO SEKOLAH.dbo.NILAITUGAS (NisSiswa,KdGuru,KdKelas,NamaMapel,Semester,TugasKe,Nilai) VALUES
	 (N'0018',N'G0001',N'2020-9-C',N'Bahasa Indonesia',1,1,84),
	 (N'0018',N'G0001',N'2020-9-C',N'Bahasa Indonesia',1,2,92),
	 (N'0018',N'G0003',N'2020-9-C',N'Bahasa Inggris',1,1,91),
	 (N'0018',N'G0003',N'2020-9-C',N'Bahasa Inggris',1,2,95),
	 (N'0018',N'G0005',N'2020-9-C',N'Matematika',1,1,96),
	 (N'0018',N'G0005',N'2020-9-C',N'Matematika',1,2,81),
	 (N'0018',N'G0007',N'2020-9-C',N'IPA',1,1,96),
	 (N'0018',N'G0007',N'2020-9-C',N'IPA',1,2,71),
	 (N'0018',N'G0009',N'2020-9-C',N'IPS',1,1,76),
	 (N'0018',N'G0009',N'2020-9-C',N'IPS',1,2,75);
INSERT INTO SEKOLAH.dbo.NILAITUGAS (NisSiswa,KdGuru,KdKelas,NamaMapel,Semester,TugasKe,Nilai) VALUES
	 (N'0018',N'G0011',N'2020-9-C',N'Pendidikan Pancasila dan Kewarganegaraan',1,1,80),
	 (N'0018',N'G0011',N'2020-9-C',N'Pendidikan Pancasila dan Kewarganegaraan',1,2,68),
	 (N'0018',N'G0013',N'2020-9-C',N'Pendidikan Agama',1,1,67),
	 (N'0018',N'G0013',N'2020-9-C',N'Pendidikan Agama',1,2,76),
	 (N'0018',N'G0015',N'2020-9-C',N'PJOK',1,1,95),
	 (N'0018',N'G0015',N'2020-9-C',N'PJOK',1,2,90),
	 (N'0018',N'G0017',N'2020-9-C',N'Seni dan Prakarya',1,1,77),
	 (N'0018',N'G0017',N'2020-9-C',N'Seni dan Prakarya',1,2,90),
	 (N'0018',N'G0019',N'2020-9-C',N'Informatika',1,1,70),
	 (N'0018',N'G0019',N'2020-9-C',N'Informatika',1,2,69);
INSERT INTO SEKOLAH.dbo.NILAITUGAS (NisSiswa,KdGuru,KdKelas,NamaMapel,Semester,TugasKe,Nilai) VALUES
	 (N'0019',N'G0001',N'2020-9-C',N'Bahasa Indonesia',1,1,67),
	 (N'0019',N'G0001',N'2020-9-C',N'Bahasa Indonesia',1,2,87),
	 (N'0019',N'G0003',N'2020-9-C',N'Bahasa Inggris',1,1,76),
	 (N'0019',N'G0003',N'2020-9-C',N'Bahasa Inggris',1,2,64),
	 (N'0019',N'G0005',N'2020-9-C',N'Matematika',1,1,63),
	 (N'0019',N'G0005',N'2020-9-C',N'Matematika',1,2,82),
	 (N'0019',N'G0007',N'2020-9-C',N'IPA',1,1,100),
	 (N'0019',N'G0007',N'2020-9-C',N'IPA',1,2,61),
	 (N'0019',N'G0009',N'2020-9-C',N'IPS',1,1,100),
	 (N'0019',N'G0009',N'2020-9-C',N'IPS',1,2,66);
INSERT INTO SEKOLAH.dbo.NILAITUGAS (NisSiswa,KdGuru,KdKelas,NamaMapel,Semester,TugasKe,Nilai) VALUES
	 (N'0019',N'G0011',N'2020-9-C',N'Pendidikan Pancasila dan Kewarganegaraan',1,1,100),
	 (N'0019',N'G0011',N'2020-9-C',N'Pendidikan Pancasila dan Kewarganegaraan',1,2,62),
	 (N'0019',N'G0013',N'2020-9-C',N'Pendidikan Agama',1,1,87),
	 (N'0019',N'G0013',N'2020-9-C',N'Pendidikan Agama',1,2,92),
	 (N'0019',N'G0015',N'2020-9-C',N'PJOK',1,1,66),
	 (N'0019',N'G0015',N'2020-9-C',N'PJOK',1,2,77),
	 (N'0019',N'G0017',N'2020-9-C',N'Seni dan Prakarya',1,1,74),
	 (N'0019',N'G0017',N'2020-9-C',N'Seni dan Prakarya',1,2,86),
	 (N'0019',N'G0019',N'2020-9-C',N'Informatika',1,1,91),
	 (N'0019',N'G0019',N'2020-9-C',N'Informatika',1,2,99);
INSERT INTO SEKOLAH.dbo.NILAITUGAS (NisSiswa,KdGuru,KdKelas,NamaMapel,Semester,TugasKe,Nilai) VALUES
	 (N'0020',N'G0001',N'2020-9-C',N'Bahasa Indonesia',1,1,99),
	 (N'0020',N'G0001',N'2020-9-C',N'Bahasa Indonesia',1,2,78),
	 (N'0020',N'G0003',N'2020-9-C',N'Bahasa Inggris',1,1,60),
	 (N'0020',N'G0003',N'2020-9-C',N'Bahasa Inggris',1,2,71),
	 (N'0020',N'G0005',N'2020-9-C',N'Matematika',1,1,100),
	 (N'0020',N'G0005',N'2020-9-C',N'Matematika',1,2,96),
	 (N'0020',N'G0007',N'2020-9-C',N'IPA',1,1,63),
	 (N'0020',N'G0007',N'2020-9-C',N'IPA',1,2,99),
	 (N'0020',N'G0009',N'2020-9-C',N'IPS',1,1,68),
	 (N'0020',N'G0009',N'2020-9-C',N'IPS',1,2,98);
INSERT INTO SEKOLAH.dbo.NILAITUGAS (NisSiswa,KdGuru,KdKelas,NamaMapel,Semester,TugasKe,Nilai) VALUES
	 (N'0020',N'G0011',N'2020-9-C',N'Pendidikan Pancasila dan Kewarganegaraan',1,1,65),
	 (N'0020',N'G0011',N'2020-9-C',N'Pendidikan Pancasila dan Kewarganegaraan',1,2,69),
	 (N'0020',N'G0013',N'2020-9-C',N'Pendidikan Agama',1,1,80),
	 (N'0020',N'G0013',N'2020-9-C',N'Pendidikan Agama',1,2,79),
	 (N'0020',N'G0015',N'2020-9-C',N'PJOK',1,1,90),
	 (N'0020',N'G0015',N'2020-9-C',N'PJOK',1,2,78),
	 (N'0020',N'G0017',N'2020-9-C',N'Seni dan Prakarya',1,1,85),
	 (N'0020',N'G0017',N'2020-9-C',N'Seni dan Prakarya',1,2,68),
	 (N'0020',N'G0019',N'2020-9-C',N'Informatika',1,1,69),
	 (N'0020',N'G0019',N'2020-9-C',N'Informatika',1,2,70);
INSERT INTO SEKOLAH.dbo.NILAITUGAS (NisSiswa,KdGuru,KdKelas,NamaMapel,Semester,TugasKe,Nilai) VALUES
	 (N'0021',N'G0001',N'2020-9-C',N'Bahasa Indonesia',1,1,84),
	 (N'0021',N'G0001',N'2020-9-C',N'Bahasa Indonesia',1,2,68),
	 (N'0021',N'G0003',N'2020-9-C',N'Bahasa Inggris',1,1,63),
	 (N'0021',N'G0003',N'2020-9-C',N'Bahasa Inggris',1,2,100),
	 (N'0021',N'G0005',N'2020-9-C',N'Matematika',1,1,68),
	 (N'0021',N'G0005',N'2020-9-C',N'Matematika',1,2,86),
	 (N'0021',N'G0007',N'2020-9-C',N'IPA',1,1,87),
	 (N'0021',N'G0007',N'2020-9-C',N'IPA',1,2,71),
	 (N'0021',N'G0009',N'2020-9-C',N'IPS',1,1,75),
	 (N'0021',N'G0009',N'2020-9-C',N'IPS',1,2,97);
INSERT INTO SEKOLAH.dbo.NILAITUGAS (NisSiswa,KdGuru,KdKelas,NamaMapel,Semester,TugasKe,Nilai) VALUES
	 (N'0021',N'G0011',N'2020-9-C',N'Pendidikan Pancasila dan Kewarganegaraan',1,1,76),
	 (N'0021',N'G0011',N'2020-9-C',N'Pendidikan Pancasila dan Kewarganegaraan',1,2,89),
	 (N'0021',N'G0013',N'2020-9-C',N'Pendidikan Agama',1,1,69),
	 (N'0021',N'G0013',N'2020-9-C',N'Pendidikan Agama',1,2,81),
	 (N'0021',N'G0015',N'2020-9-C',N'PJOK',1,1,87),
	 (N'0021',N'G0015',N'2020-9-C',N'PJOK',1,2,64),
	 (N'0021',N'G0017',N'2020-9-C',N'Seni dan Prakarya',1,1,70),
	 (N'0021',N'G0017',N'2020-9-C',N'Seni dan Prakarya',1,2,69),
	 (N'0021',N'G0019',N'2020-9-C',N'Informatika',1,1,67),
	 (N'0021',N'G0019',N'2020-9-C',N'Informatika',1,2,81);

INSERT INTO SEKOLAH.dbo.NILAIULANGAN (NisSiswa,KdGuru,KdKelas,NamaMapel,Semester,UlanganKe,Nilai) VALUES
	 (N'0010',N'G0001',N'2020-9-A',N'Bahasa Indonesia',1,1,65),
	 (N'0010',N'G0001',N'2020-9-A',N'Bahasa Indonesia',1,2,100),
	 (N'0010',N'G0003',N'2020-9-A',N'Bahasa Inggris',1,1,60),
	 (N'0010',N'G0003',N'2020-9-A',N'Bahasa Inggris',1,2,85),
	 (N'0010',N'G0005',N'2020-9-A',N'Matematika',1,1,86),
	 (N'0010',N'G0005',N'2020-9-A',N'Matematika',1,2,60),
	 (N'0010',N'G0007',N'2020-9-A',N'IPA',1,1,81),
	 (N'0010',N'G0007',N'2020-9-A',N'IPA',1,2,80),
	 (N'0010',N'G0009',N'2020-9-A',N'IPS',1,1,73),
	 (N'0010',N'G0009',N'2020-9-A',N'IPS',1,2,98);
INSERT INTO SEKOLAH.dbo.NILAIULANGAN (NisSiswa,KdGuru,KdKelas,NamaMapel,Semester,UlanganKe,Nilai) VALUES
	 (N'0010',N'G0011',N'2020-9-A',N'Pendidikan Pancasila dan Kewarganegaraan',1,1,93),
	 (N'0010',N'G0011',N'2020-9-A',N'Pendidikan Pancasila dan Kewarganegaraan',1,2,100),
	 (N'0010',N'G0013',N'2020-9-A',N'Pendidikan Agama',1,1,71),
	 (N'0010',N'G0013',N'2020-9-A',N'Pendidikan Agama',1,2,83),
	 (N'0010',N'G0015',N'2020-9-A',N'PJOK',1,1,98),
	 (N'0010',N'G0015',N'2020-9-A',N'PJOK',1,2,66),
	 (N'0010',N'G0017',N'2020-9-A',N'Seni dan Prakarya',1,1,96),
	 (N'0010',N'G0017',N'2020-9-A',N'Seni dan Prakarya',1,2,81),
	 (N'0010',N'G0019',N'2020-9-A',N'Informatika',1,1,95),
	 (N'0010',N'G0019',N'2020-9-A',N'Informatika',1,2,67);
INSERT INTO SEKOLAH.dbo.NILAIULANGAN (NisSiswa,KdGuru,KdKelas,NamaMapel,Semester,UlanganKe,Nilai) VALUES
	 (N'0011',N'G0001',N'2020-9-A',N'Bahasa Indonesia',1,1,73),
	 (N'0011',N'G0001',N'2020-9-A',N'Bahasa Indonesia',1,2,80),
	 (N'0011',N'G0003',N'2020-9-A',N'Bahasa Inggris',1,1,72),
	 (N'0011',N'G0003',N'2020-9-A',N'Bahasa Inggris',1,2,98),
	 (N'0011',N'G0005',N'2020-9-A',N'Matematika',1,1,69),
	 (N'0011',N'G0005',N'2020-9-A',N'Matematika',1,2,97),
	 (N'0011',N'G0007',N'2020-9-A',N'IPA',1,1,92),
	 (N'0011',N'G0007',N'2020-9-A',N'IPA',1,2,60),
	 (N'0011',N'G0009',N'2020-9-A',N'IPS',1,1,83),
	 (N'0011',N'G0009',N'2020-9-A',N'IPS',1,2,99);
INSERT INTO SEKOLAH.dbo.NILAIULANGAN (NisSiswa,KdGuru,KdKelas,NamaMapel,Semester,UlanganKe,Nilai) VALUES
	 (N'0011',N'G0011',N'2020-9-A',N'Pendidikan Pancasila dan Kewarganegaraan',1,1,78),
	 (N'0011',N'G0011',N'2020-9-A',N'Pendidikan Pancasila dan Kewarganegaraan',1,2,70),
	 (N'0011',N'G0013',N'2020-9-A',N'Pendidikan Agama',1,1,74),
	 (N'0011',N'G0013',N'2020-9-A',N'Pendidikan Agama',1,2,69),
	 (N'0011',N'G0015',N'2020-9-A',N'PJOK',1,1,80),
	 (N'0011',N'G0015',N'2020-9-A',N'PJOK',1,2,80),
	 (N'0011',N'G0017',N'2020-9-A',N'Seni dan Prakarya',1,1,64),
	 (N'0011',N'G0017',N'2020-9-A',N'Seni dan Prakarya',1,2,84),
	 (N'0011',N'G0019',N'2020-9-A',N'Informatika',1,1,60),
	 (N'0011',N'G0019',N'2020-9-A',N'Informatika',1,2,69);
INSERT INTO SEKOLAH.dbo.NILAIULANGAN (NisSiswa,KdGuru,KdKelas,NamaMapel,Semester,UlanganKe,Nilai) VALUES
	 (N'0012',N'G0001',N'2020-9-A',N'Bahasa Indonesia',1,1,96),
	 (N'0012',N'G0001',N'2020-9-A',N'Bahasa Indonesia',1,2,77),
	 (N'0012',N'G0003',N'2020-9-A',N'Bahasa Inggris',1,1,88),
	 (N'0012',N'G0003',N'2020-9-A',N'Bahasa Inggris',1,2,71),
	 (N'0012',N'G0005',N'2020-9-A',N'Matematika',1,1,97),
	 (N'0012',N'G0005',N'2020-9-A',N'Matematika',1,2,90),
	 (N'0012',N'G0007',N'2020-9-A',N'IPA',1,1,84),
	 (N'0012',N'G0007',N'2020-9-A',N'IPA',1,2,99),
	 (N'0012',N'G0009',N'2020-9-A',N'IPS',1,1,75),
	 (N'0012',N'G0009',N'2020-9-A',N'IPS',1,2,62);
INSERT INTO SEKOLAH.dbo.NILAIULANGAN (NisSiswa,KdGuru,KdKelas,NamaMapel,Semester,UlanganKe,Nilai) VALUES
	 (N'0012',N'G0011',N'2020-9-A',N'Pendidikan Pancasila dan Kewarganegaraan',1,1,61),
	 (N'0012',N'G0011',N'2020-9-A',N'Pendidikan Pancasila dan Kewarganegaraan',1,2,67),
	 (N'0012',N'G0013',N'2020-9-A',N'Pendidikan Agama',1,1,68),
	 (N'0012',N'G0013',N'2020-9-A',N'Pendidikan Agama',1,2,94),
	 (N'0012',N'G0015',N'2020-9-A',N'PJOK',1,1,81),
	 (N'0012',N'G0015',N'2020-9-A',N'PJOK',1,2,68),
	 (N'0012',N'G0017',N'2020-9-A',N'Seni dan Prakarya',1,1,70),
	 (N'0012',N'G0017',N'2020-9-A',N'Seni dan Prakarya',1,2,70),
	 (N'0012',N'G0019',N'2020-9-A',N'Informatika',1,1,71),
	 (N'0012',N'G0019',N'2020-9-A',N'Informatika',1,2,62);
INSERT INTO SEKOLAH.dbo.NILAIULANGAN (NisSiswa,KdGuru,KdKelas,NamaMapel,Semester,UlanganKe,Nilai) VALUES
	 (N'0013',N'G0001',N'2020-9-A',N'Bahasa Indonesia',1,1,94),
	 (N'0013',N'G0001',N'2020-9-A',N'Bahasa Indonesia',1,2,80),
	 (N'0013',N'G0003',N'2020-9-A',N'Bahasa Inggris',1,1,79),
	 (N'0013',N'G0003',N'2020-9-A',N'Bahasa Inggris',1,2,79),
	 (N'0013',N'G0005',N'2020-9-A',N'Matematika',1,1,77),
	 (N'0013',N'G0005',N'2020-9-A',N'Matematika',1,2,94),
	 (N'0013',N'G0007',N'2020-9-A',N'IPA',1,1,82),
	 (N'0013',N'G0007',N'2020-9-A',N'IPA',1,2,86),
	 (N'0013',N'G0009',N'2020-9-A',N'IPS',1,1,82),
	 (N'0013',N'G0009',N'2020-9-A',N'IPS',1,2,80);
INSERT INTO SEKOLAH.dbo.NILAIULANGAN (NisSiswa,KdGuru,KdKelas,NamaMapel,Semester,UlanganKe,Nilai) VALUES
	 (N'0013',N'G0011',N'2020-9-A',N'Pendidikan Pancasila dan Kewarganegaraan',1,1,76),
	 (N'0013',N'G0011',N'2020-9-A',N'Pendidikan Pancasila dan Kewarganegaraan',1,2,66),
	 (N'0013',N'G0013',N'2020-9-A',N'Pendidikan Agama',1,1,80),
	 (N'0013',N'G0013',N'2020-9-A',N'Pendidikan Agama',1,2,96),
	 (N'0013',N'G0015',N'2020-9-A',N'PJOK',1,1,67),
	 (N'0013',N'G0015',N'2020-9-A',N'PJOK',1,2,62),
	 (N'0013',N'G0017',N'2020-9-A',N'Seni dan Prakarya',1,1,86),
	 (N'0013',N'G0017',N'2020-9-A',N'Seni dan Prakarya',1,2,74),
	 (N'0013',N'G0019',N'2020-9-A',N'Informatika',1,1,82),
	 (N'0013',N'G0019',N'2020-9-A',N'Informatika',1,2,94);
INSERT INTO SEKOLAH.dbo.NILAIULANGAN (NisSiswa,KdGuru,KdKelas,NamaMapel,Semester,UlanganKe,Nilai) VALUES
	 (N'0014',N'G0001',N'2020-9-B',N'Bahasa Indonesia',1,1,63),
	 (N'0014',N'G0001',N'2020-9-B',N'Bahasa Indonesia',1,2,92),
	 (N'0014',N'G0003',N'2020-9-B',N'Bahasa Inggris',1,1,70),
	 (N'0014',N'G0003',N'2020-9-B',N'Bahasa Inggris',1,2,65),
	 (N'0014',N'G0005',N'2020-9-B',N'Matematika',1,1,81),
	 (N'0014',N'G0005',N'2020-9-B',N'Matematika',1,2,84),
	 (N'0014',N'G0007',N'2020-9-B',N'IPA',1,1,85),
	 (N'0014',N'G0007',N'2020-9-B',N'IPA',1,2,72),
	 (N'0014',N'G0009',N'2020-9-B',N'IPS',1,1,87),
	 (N'0014',N'G0009',N'2020-9-B',N'IPS',1,2,90);
INSERT INTO SEKOLAH.dbo.NILAIULANGAN (NisSiswa,KdGuru,KdKelas,NamaMapel,Semester,UlanganKe,Nilai) VALUES
	 (N'0014',N'G0011',N'2020-9-B',N'Pendidikan Pancasila dan Kewarganegaraan',1,1,71),
	 (N'0014',N'G0011',N'2020-9-B',N'Pendidikan Pancasila dan Kewarganegaraan',1,2,73),
	 (N'0014',N'G0013',N'2020-9-B',N'Pendidikan Agama',1,1,85),
	 (N'0014',N'G0013',N'2020-9-B',N'Pendidikan Agama',1,2,80),
	 (N'0014',N'G0015',N'2020-9-B',N'PJOK',1,1,90),
	 (N'0014',N'G0015',N'2020-9-B',N'PJOK',1,2,73),
	 (N'0014',N'G0017',N'2020-9-B',N'Seni dan Prakarya',1,1,96),
	 (N'0014',N'G0017',N'2020-9-B',N'Seni dan Prakarya',1,2,94),
	 (N'0014',N'G0019',N'2020-9-B',N'Informatika',1,1,61),
	 (N'0014',N'G0019',N'2020-9-B',N'Informatika',1,2,73);
INSERT INTO SEKOLAH.dbo.NILAIULANGAN (NisSiswa,KdGuru,KdKelas,NamaMapel,Semester,UlanganKe,Nilai) VALUES
	 (N'0015',N'G0001',N'2020-9-B',N'Bahasa Indonesia',1,1,95),
	 (N'0015',N'G0001',N'2020-9-B',N'Bahasa Indonesia',1,2,86),
	 (N'0015',N'G0003',N'2020-9-B',N'Bahasa Inggris',1,1,78),
	 (N'0015',N'G0003',N'2020-9-B',N'Bahasa Inggris',1,2,63),
	 (N'0015',N'G0005',N'2020-9-B',N'Matematika',1,1,63),
	 (N'0015',N'G0005',N'2020-9-B',N'Matematika',1,2,64),
	 (N'0015',N'G0007',N'2020-9-B',N'IPA',1,1,84),
	 (N'0015',N'G0007',N'2020-9-B',N'IPA',1,2,99),
	 (N'0015',N'G0009',N'2020-9-B',N'IPS',1,1,76),
	 (N'0015',N'G0009',N'2020-9-B',N'IPS',1,2,88);
INSERT INTO SEKOLAH.dbo.NILAIULANGAN (NisSiswa,KdGuru,KdKelas,NamaMapel,Semester,UlanganKe,Nilai) VALUES
	 (N'0015',N'G0011',N'2020-9-B',N'Pendidikan Pancasila dan Kewarganegaraan',1,1,66),
	 (N'0015',N'G0011',N'2020-9-B',N'Pendidikan Pancasila dan Kewarganegaraan',1,2,100),
	 (N'0015',N'G0013',N'2020-9-B',N'Pendidikan Agama',1,1,93),
	 (N'0015',N'G0013',N'2020-9-B',N'Pendidikan Agama',1,2,90),
	 (N'0015',N'G0015',N'2020-9-B',N'PJOK',1,1,86),
	 (N'0015',N'G0015',N'2020-9-B',N'PJOK',1,2,86),
	 (N'0015',N'G0017',N'2020-9-B',N'Seni dan Prakarya',1,1,89),
	 (N'0015',N'G0017',N'2020-9-B',N'Seni dan Prakarya',1,2,68),
	 (N'0015',N'G0019',N'2020-9-B',N'Informatika',1,1,70),
	 (N'0015',N'G0019',N'2020-9-B',N'Informatika',1,2,84);
INSERT INTO SEKOLAH.dbo.NILAIULANGAN (NisSiswa,KdGuru,KdKelas,NamaMapel,Semester,UlanganKe,Nilai) VALUES
	 (N'0016',N'G0001',N'2020-9-B',N'Bahasa Indonesia',1,1,71),
	 (N'0016',N'G0001',N'2020-9-B',N'Bahasa Indonesia',1,2,66),
	 (N'0016',N'G0003',N'2020-9-B',N'Bahasa Inggris',1,1,88),
	 (N'0016',N'G0003',N'2020-9-B',N'Bahasa Inggris',1,2,81),
	 (N'0016',N'G0005',N'2020-9-B',N'Matematika',1,1,84),
	 (N'0016',N'G0005',N'2020-9-B',N'Matematika',1,2,87),
	 (N'0016',N'G0007',N'2020-9-B',N'IPA',1,1,90),
	 (N'0016',N'G0007',N'2020-9-B',N'IPA',1,2,65),
	 (N'0016',N'G0009',N'2020-9-B',N'IPS',1,1,95),
	 (N'0016',N'G0009',N'2020-9-B',N'IPS',1,2,78);
INSERT INTO SEKOLAH.dbo.NILAIULANGAN (NisSiswa,KdGuru,KdKelas,NamaMapel,Semester,UlanganKe,Nilai) VALUES
	 (N'0016',N'G0011',N'2020-9-B',N'Pendidikan Pancasila dan Kewarganegaraan',1,1,69),
	 (N'0016',N'G0011',N'2020-9-B',N'Pendidikan Pancasila dan Kewarganegaraan',1,2,98),
	 (N'0016',N'G0013',N'2020-9-B',N'Pendidikan Agama',1,1,77),
	 (N'0016',N'G0013',N'2020-9-B',N'Pendidikan Agama',1,2,93),
	 (N'0016',N'G0015',N'2020-9-B',N'PJOK',1,1,66),
	 (N'0016',N'G0015',N'2020-9-B',N'PJOK',1,2,74),
	 (N'0016',N'G0017',N'2020-9-B',N'Seni dan Prakarya',1,1,78),
	 (N'0016',N'G0017',N'2020-9-B',N'Seni dan Prakarya',1,2,93),
	 (N'0016',N'G0019',N'2020-9-B',N'Informatika',1,1,85),
	 (N'0016',N'G0019',N'2020-9-B',N'Informatika',1,2,61);
INSERT INTO SEKOLAH.dbo.NILAIULANGAN (NisSiswa,KdGuru,KdKelas,NamaMapel,Semester,UlanganKe,Nilai) VALUES
	 (N'0017',N'G0001',N'2020-9-B',N'Bahasa Indonesia',1,1,77),
	 (N'0017',N'G0001',N'2020-9-B',N'Bahasa Indonesia',1,2,63),
	 (N'0017',N'G0003',N'2020-9-B',N'Bahasa Inggris',1,1,79),
	 (N'0017',N'G0003',N'2020-9-B',N'Bahasa Inggris',1,2,61),
	 (N'0017',N'G0005',N'2020-9-B',N'Matematika',1,1,79),
	 (N'0017',N'G0005',N'2020-9-B',N'Matematika',1,2,100),
	 (N'0017',N'G0007',N'2020-9-B',N'IPA',1,1,80),
	 (N'0017',N'G0007',N'2020-9-B',N'IPA',1,2,97),
	 (N'0017',N'G0009',N'2020-9-B',N'IPS',1,1,97),
	 (N'0017',N'G0009',N'2020-9-B',N'IPS',1,2,96);
INSERT INTO SEKOLAH.dbo.NILAIULANGAN (NisSiswa,KdGuru,KdKelas,NamaMapel,Semester,UlanganKe,Nilai) VALUES
	 (N'0017',N'G0011',N'2020-9-B',N'Pendidikan Pancasila dan Kewarganegaraan',1,1,61),
	 (N'0017',N'G0011',N'2020-9-B',N'Pendidikan Pancasila dan Kewarganegaraan',1,2,82),
	 (N'0017',N'G0013',N'2020-9-B',N'Pendidikan Agama',1,1,73),
	 (N'0017',N'G0013',N'2020-9-B',N'Pendidikan Agama',1,2,97),
	 (N'0017',N'G0015',N'2020-9-B',N'PJOK',1,1,65),
	 (N'0017',N'G0015',N'2020-9-B',N'PJOK',1,2,67),
	 (N'0017',N'G0017',N'2020-9-B',N'Seni dan Prakarya',1,1,93),
	 (N'0017',N'G0017',N'2020-9-B',N'Seni dan Prakarya',1,2,98),
	 (N'0017',N'G0019',N'2020-9-B',N'Informatika',1,1,66),
	 (N'0017',N'G0019',N'2020-9-B',N'Informatika',1,2,71);
INSERT INTO SEKOLAH.dbo.NILAIULANGAN (NisSiswa,KdGuru,KdKelas,NamaMapel,Semester,UlanganKe,Nilai) VALUES
	 (N'0018',N'G0001',N'2020-9-C',N'Bahasa Indonesia',1,1,63),
	 (N'0018',N'G0001',N'2020-9-C',N'Bahasa Indonesia',1,2,100),
	 (N'0018',N'G0003',N'2020-9-C',N'Bahasa Inggris',1,1,74),
	 (N'0018',N'G0003',N'2020-9-C',N'Bahasa Inggris',1,2,86),
	 (N'0018',N'G0005',N'2020-9-C',N'Matematika',1,1,89),
	 (N'0018',N'G0005',N'2020-9-C',N'Matematika',1,2,90),
	 (N'0018',N'G0007',N'2020-9-C',N'IPA',1,1,75),
	 (N'0018',N'G0007',N'2020-9-C',N'IPA',1,2,80),
	 (N'0018',N'G0009',N'2020-9-C',N'IPS',1,1,64),
	 (N'0018',N'G0009',N'2020-9-C',N'IPS',1,2,74);
INSERT INTO SEKOLAH.dbo.NILAIULANGAN (NisSiswa,KdGuru,KdKelas,NamaMapel,Semester,UlanganKe,Nilai) VALUES
	 (N'0018',N'G0011',N'2020-9-C',N'Pendidikan Pancasila dan Kewarganegaraan',1,1,72),
	 (N'0018',N'G0011',N'2020-9-C',N'Pendidikan Pancasila dan Kewarganegaraan',1,2,83),
	 (N'0018',N'G0013',N'2020-9-C',N'Pendidikan Agama',1,1,69),
	 (N'0018',N'G0013',N'2020-9-C',N'Pendidikan Agama',1,2,98),
	 (N'0018',N'G0015',N'2020-9-C',N'PJOK',1,1,63),
	 (N'0018',N'G0015',N'2020-9-C',N'PJOK',1,2,82),
	 (N'0018',N'G0017',N'2020-9-C',N'Seni dan Prakarya',1,1,60),
	 (N'0018',N'G0017',N'2020-9-C',N'Seni dan Prakarya',1,2,93),
	 (N'0018',N'G0019',N'2020-9-C',N'Informatika',1,1,92),
	 (N'0018',N'G0019',N'2020-9-C',N'Informatika',1,2,81);
INSERT INTO SEKOLAH.dbo.NILAIULANGAN (NisSiswa,KdGuru,KdKelas,NamaMapel,Semester,UlanganKe,Nilai) VALUES
	 (N'0019',N'G0001',N'2020-9-C',N'Bahasa Indonesia',1,1,77),
	 (N'0019',N'G0001',N'2020-9-C',N'Bahasa Indonesia',1,2,80),
	 (N'0019',N'G0003',N'2020-9-C',N'Bahasa Inggris',1,1,95),
	 (N'0019',N'G0003',N'2020-9-C',N'Bahasa Inggris',1,2,68),
	 (N'0019',N'G0005',N'2020-9-C',N'Matematika',1,1,75),
	 (N'0019',N'G0005',N'2020-9-C',N'Matematika',1,2,66),
	 (N'0019',N'G0007',N'2020-9-C',N'IPA',1,1,70),
	 (N'0019',N'G0007',N'2020-9-C',N'IPA',1,2,65),
	 (N'0019',N'G0009',N'2020-9-C',N'IPS',1,1,85),
	 (N'0019',N'G0009',N'2020-9-C',N'IPS',1,2,92);
INSERT INTO SEKOLAH.dbo.NILAIULANGAN (NisSiswa,KdGuru,KdKelas,NamaMapel,Semester,UlanganKe,Nilai) VALUES
	 (N'0019',N'G0011',N'2020-9-C',N'Pendidikan Pancasila dan Kewarganegaraan',1,1,68),
	 (N'0019',N'G0011',N'2020-9-C',N'Pendidikan Pancasila dan Kewarganegaraan',1,2,69),
	 (N'0019',N'G0013',N'2020-9-C',N'Pendidikan Agama',1,1,70),
	 (N'0019',N'G0013',N'2020-9-C',N'Pendidikan Agama',1,2,99),
	 (N'0019',N'G0015',N'2020-9-C',N'PJOK',1,1,70),
	 (N'0019',N'G0015',N'2020-9-C',N'PJOK',1,2,83),
	 (N'0019',N'G0017',N'2020-9-C',N'Seni dan Prakarya',1,1,97),
	 (N'0019',N'G0017',N'2020-9-C',N'Seni dan Prakarya',1,2,90),
	 (N'0019',N'G0019',N'2020-9-C',N'Informatika',1,1,72),
	 (N'0019',N'G0019',N'2020-9-C',N'Informatika',1,2,89);
INSERT INTO SEKOLAH.dbo.NILAIULANGAN (NisSiswa,KdGuru,KdKelas,NamaMapel,Semester,UlanganKe,Nilai) VALUES
	 (N'0020',N'G0001',N'2020-9-C',N'Bahasa Indonesia',1,1,93),
	 (N'0020',N'G0001',N'2020-9-C',N'Bahasa Indonesia',1,2,98),
	 (N'0020',N'G0003',N'2020-9-C',N'Bahasa Inggris',1,1,92),
	 (N'0020',N'G0003',N'2020-9-C',N'Bahasa Inggris',1,2,90),
	 (N'0020',N'G0005',N'2020-9-C',N'Matematika',1,1,93),
	 (N'0020',N'G0005',N'2020-9-C',N'Matematika',1,2,99),
	 (N'0020',N'G0007',N'2020-9-C',N'IPA',1,1,68),
	 (N'0020',N'G0007',N'2020-9-C',N'IPA',1,2,87),
	 (N'0020',N'G0009',N'2020-9-C',N'IPS',1,1,85),
	 (N'0020',N'G0009',N'2020-9-C',N'IPS',1,2,62);
INSERT INTO SEKOLAH.dbo.NILAIULANGAN (NisSiswa,KdGuru,KdKelas,NamaMapel,Semester,UlanganKe,Nilai) VALUES
	 (N'0020',N'G0011',N'2020-9-C',N'Pendidikan Pancasila dan Kewarganegaraan',1,1,76),
	 (N'0020',N'G0011',N'2020-9-C',N'Pendidikan Pancasila dan Kewarganegaraan',1,2,81),
	 (N'0020',N'G0013',N'2020-9-C',N'Pendidikan Agama',1,1,81),
	 (N'0020',N'G0013',N'2020-9-C',N'Pendidikan Agama',1,2,84),
	 (N'0020',N'G0015',N'2020-9-C',N'PJOK',1,1,62),
	 (N'0020',N'G0015',N'2020-9-C',N'PJOK',1,2,84),
	 (N'0020',N'G0017',N'2020-9-C',N'Seni dan Prakarya',1,1,68),
	 (N'0020',N'G0017',N'2020-9-C',N'Seni dan Prakarya',1,2,70),
	 (N'0020',N'G0019',N'2020-9-C',N'Informatika',1,1,76),
	 (N'0020',N'G0019',N'2020-9-C',N'Informatika',1,2,96);
INSERT INTO SEKOLAH.dbo.NILAIULANGAN (NisSiswa,KdGuru,KdKelas,NamaMapel,Semester,UlanganKe,Nilai) VALUES
	 (N'0021',N'G0001',N'2020-9-C',N'Bahasa Indonesia',1,1,90),
	 (N'0021',N'G0001',N'2020-9-C',N'Bahasa Indonesia',1,2,68),
	 (N'0021',N'G0003',N'2020-9-C',N'Bahasa Inggris',1,1,75),
	 (N'0021',N'G0003',N'2020-9-C',N'Bahasa Inggris',1,2,97),
	 (N'0021',N'G0005',N'2020-9-C',N'Matematika',1,1,87),
	 (N'0021',N'G0005',N'2020-9-C',N'Matematika',1,2,67),
	 (N'0021',N'G0007',N'2020-9-C',N'IPA',1,1,76),
	 (N'0021',N'G0007',N'2020-9-C',N'IPA',1,2,78),
	 (N'0021',N'G0009',N'2020-9-C',N'IPS',1,1,61),
	 (N'0021',N'G0009',N'2020-9-C',N'IPS',1,2,65);
INSERT INTO SEKOLAH.dbo.NILAIULANGAN (NisSiswa,KdGuru,KdKelas,NamaMapel,Semester,UlanganKe,Nilai) VALUES
	 (N'0021',N'G0011',N'2020-9-C',N'Pendidikan Pancasila dan Kewarganegaraan',1,1,97),
	 (N'0021',N'G0011',N'2020-9-C',N'Pendidikan Pancasila dan Kewarganegaraan',1,2,63),
	 (N'0021',N'G0013',N'2020-9-C',N'Pendidikan Agama',1,1,69),
	 (N'0021',N'G0013',N'2020-9-C',N'Pendidikan Agama',1,2,93),
	 (N'0021',N'G0015',N'2020-9-C',N'PJOK',1,1,85),
	 (N'0021',N'G0015',N'2020-9-C',N'PJOK',1,2,90),
	 (N'0021',N'G0017',N'2020-9-C',N'Seni dan Prakarya',1,1,94),
	 (N'0021',N'G0017',N'2020-9-C',N'Seni dan Prakarya',1,2,71),
	 (N'0021',N'G0019',N'2020-9-C',N'Informatika',1,1,61),
	 (N'0021',N'G0019',N'2020-9-C',N'Informatika',1,2,88);

	
